ReqID,TestId,RunID,RunStatus,RunCycle,RegWt,ModuleQuality,ModuleCriticality
4,16183,187224,1,1,2,2,2
4,16183,194507,0,2,0,2,2
4,16183,197275,0,3,0,2,2
4,16183,206286,0,4,0,2,2
4,16183,211006,0,5,0,2,2
4,16183,215237,0,6,0,2,2
4,16183,226692,0,7,0,2,2
4,16184,187754,0,1,0,2,2
4,16184,194506,0,2,0,2,2
4,16184,197276,0,3,0,2,2
4,16184,206602,0,4,0,2,2
4,16184,211385,0,5,0,2,2
4,16184,215240,0,6,0,2,2
4,16184,226691,0,7,0,2,2
4,16185,187213,0,1,0,2,2
4,16185,194505,0,2,0,2,2
4,16185,197266,0,3,0,2,2
4,16185,205707,0,4,0,2,2
4,16185,211010,0,5,0,2,2
4,16185,215233,0,6,0,2,2
4,16185,226690,0,7,0,2,2
4,16186,187214,0,1,0,2,2
4,16186,194508,0,2,0,2,2
4,16186,199980,0,3,0,2,2
4,16186,204420,0,4,0,2,2
4,16186,210993,0,5,0,2,2
4,16186,215235,0,6,0,2,2
4,16186,226693,0,7,0,2,2
4,16187,187212,0,1,0,2,2
4,16187,194504,0,2,0,2,2
4,16187,197268,0,3,0,2,2
4,16187,205706,0,4,0,2,2
4,16187,211009,0,5,0,2,2
4,16187,215232,0,6,0,2,2
4,16187,226689,0,7,0,2,2
4,16188,185961,0,1,0,2,2
4,16188,193488,0,2,0,2,2
4,16188,199860,0,3,0,2,2
4,16188,204416,0,4,0,2,2
4,16188,210978,0,5,0,2,2
4,16188,215286,0,6,0,2,2
4,16188,226653,0,7,0,2,2
4,16189,185962,0,1,0,2,2
4,16189,193489,0,2,0,2,2
4,16189,199861,0,3,0,2,2
4,16189,204429,0,4,0,2,2
4,16189,210974,1,5,32,2,2
4,16189,215264,1,6,64,2,2
4,16189,226654,1,7,128,2,2
4,16190,187234,1,1,2,2,2
4,16190,193491,0,2,0,2,2
4,16190,199862,0,3,0,2,2
4,16190,204430,0,4,0,2,2
4,16190,210980,0,5,0,2,2
4,16190,215296,0,6,0,2,2
4,16190,226655,0,7,0,2,2
4,16191,187235,1,1,2,2,2
4,16191,193492,0,2,0,2,2
4,16191,199863,0,3,0,2,2
4,16191,204932,0,4,0,2,2
4,16191,210981,0,5,0,2,2
4,16191,215297,0,6,0,2,2
4,16191,226656,0,7,0,2,2
4,16192,187237,1,1,2,2,2
4,16192,193494,0,2,0,2,2
4,16192,199864,0,3,0,2,2
4,16192,204431,0,4,0,2,2
4,16192,210982,0,5,0,2,2
4,16192,215298,0,6,0,2,2
4,16192,226657,0,7,0,2,2
4,16193,187215,0,1,0,2,2
4,16193,194503,0,2,0,2,2
4,16193,197270,0,3,0,2,2
4,16193,206283,0,4,0,2,2
4,16193,210995,0,5,0,2,2
4,16193,215832,0,6,0,2,2
4,16193,226687,0,7,0,2,2
4,16194,187221,1,1,2,2,2
4,16194,194482,1,2,4,2,2
4,16194,199981,1,3,8,2,2
4,16194,204422,0,4,0,2,2
4,16194,210997,0,5,0,2,2
4,16194,215833,0,6,0,2,2
4,16194,226688,0,7,0,2,2
4,16195,187232,1,1,2,2,2
4,16195,193490,0,2,0,2,2
4,16195,199866,0,3,0,2,2
4,16195,204931,0,4,0,2,2
4,16195,210983,0,5,0,2,2
4,16195,215295,0,6,0,2,2
4,16195,226658,0,7,0,2,2
4,16196,187233,1,1,2,2,2
4,16196,193498,1,2,4,2,2
4,16196,199868,0,3,0,2,2
4,16196,204929,0,4,0,2,2
4,16196,211379,1,5,32,2,2
4,16196,215265,1,6,64,2,2
4,16196,226659,1,7,128,2,2
4,16197,187231,1,1,2,2,2
4,16197,193496,1,2,4,2,2
4,16197,201177,1,3,8,2,2
4,16197,204928,0,4,0,2,2
4,16197,211515,0,5,0,2,2
4,16197,215294,0,6,0,2,2
4,16197,226666,0,7,0,2,2
4,16197,226668,1,8,256,2,2
4,16198,187242,1,1,2,2,2
4,16198,193500,0,2,0,2,2
4,16198,199869,0,3,0,2,2
4,16198,204927,0,4,0,2,2
4,16198,210984,0,5,0,2,2
4,16198,215290,0,6,0,2,2
4,16198,226660,0,7,0,2,2
4,16199,185965,0,1,0,2,2
4,16199,193501,0,2,0,2,2
4,16199,199871,0,3,0,2,2
4,16199,204926,0,4,0,2,2
4,16199,210985,0,5,0,2,2
4,16199,215291,0,6,0,2,2
4,16199,226661,0,7,0,2,2
4,16200,185966,0,1,0,2,2
4,16200,193502,0,2,0,2,2
4,16200,199872,0,3,0,2,2
4,16200,204925,0,4,0,2,2
4,16200,210986,0,5,0,2,2
4,16200,215292,0,6,0,2,2
4,16200,226662,0,7,0,2,2
4,16201,187217,0,1,0,2,2
4,16201,194502,0,2,0,2,2
4,16201,197274,0,3,0,2,2
4,16201,206285,0,4,0,2,2
4,16201,211000,0,5,0,2,2
4,16201,215830,0,6,0,2,2
4,16201,226685,0,7,0,2,2
4,16202,187220,1,1,2,2,2
4,16202,194489,1,2,4,2,2
4,16202,199985,1,3,8,2,2
4,16202,204424,0,4,0,2,2
4,16202,211002,0,5,0,2,2
4,16202,215831,0,6,0,2,2
4,16202,226686,0,7,0,2,2
4,16203,185967,0,1,0,2,2
4,16203,193499,0,2,0,2,2
4,16203,199873,0,3,0,2,2
4,16203,204923,0,4,0,2,2
4,16203,210987,0,5,0,2,2
4,16203,215293,0,6,0,2,2
4,16203,226663,0,7,0,2,2
4,16204,187241,1,1,2,2,2
4,16204,193506,1,2,4,2,2
4,16204,199874,0,3,0,2,2
4,16204,204924,0,4,0,2,2
4,16204,211378,1,5,32,2,2
4,16204,215266,1,6,64,2,2
4,16204,226664,1,7,128,2,2
4,16205,187240,1,1,2,2,2
4,16205,193503,1,2,4,2,2
4,16205,200938,1,3,8,2,2
4,16205,204922,0,4,0,2,2
4,16205,211514,0,5,0,2,2
4,16205,215289,0,6,0,2,2
4,16205,226667,1,7,128,2,2
1,16211,187227,1,1,2,3,2
1,16211,194492,1,2,4,3,2
1,16211,201118,0,3,0,3,2
1,16211,206601,0,4,0,3,2
1,16211,206603,1,5,32,3,2
1,16211,206835,1,6,64,3,2
1,16211,211382,0,7,0,3,2
1,16211,211384,1,8,256,3,2
1,16211,215249,1,9,512,3,2
1,16211,226680,1,10,1024,3,2
1,16213,187219,0,1,0,3,2
1,16213,194516,0,2,0,3,2
1,16213,201124,0,3,0,3,2
1,16213,206606,0,4,0,3,2
1,16213,211012,0,5,0,3,2
1,16213,215243,0,6,0,3,2
1,16213,226703,0,7,0,3,2
1,16214,187228,1,1,2,3,2
1,16214,194495,1,2,4,3,2
1,16214,201525,1,3,8,3,2
1,16214,206836,1,4,16,3,2
1,16214,211519,1,5,32,3,2
1,16214,215247,1,6,64,3,2
1,16214,226682,1,7,128,3,2
1,16215,187226,1,1,2,3,2
1,16215,194499,1,2,4,3,2
1,16215,201526,1,3,8,3,2
1,16215,206831,1,4,16,3,2
1,16215,211518,1,5,32,3,2
1,16215,215248,1,6,64,3,2
1,16215,226681,1,7,128,3,2
3,16227,187225,1,1,2,3,2
3,16227,194514,0,2,0,3,2
3,16227,201529,0,3,0,3,2
3,16227,206983,0,4,0,3,2
3,16227,211011,0,5,0,3,2
3,16227,215241,0,6,0,3,2
3,16227,226701,0,7,0,3,2
3,16228,187755,0,1,0,3,2
3,16228,194513,0,2,0,3,2
3,16228,199987,0,3,0,3,2
3,16228,206812,0,4,0,3,2
3,16228,206977,1,5,32,3,2
3,16228,206988,0,6,0,3,2
3,16228,211386,0,7,0,3,2
3,16228,215242,0,8,0,3,2
3,16228,226700,0,9,0,3,2
3,16229,187209,0,1,0,3,2
3,16229,194512,0,2,0,3,2
3,16229,197264,0,3,0,3,2
3,16229,205705,0,4,0,3,2
3,16229,211007,0,5,0,3,2
3,16229,215230,0,6,0,3,2
3,16229,226699,0,7,0,3,2
3,16230,187211,0,1,0,3,2
3,16230,194515,0,2,0,3,2
3,16230,197269,0,3,0,3,2
3,16230,204421,0,4,0,3,2
3,16230,210994,0,5,0,3,2
3,16230,215236,0,6,0,3,2
3,16230,226702,0,7,0,3,2
3,16231,187210,0,1,0,3,2
3,16231,194511,0,2,0,3,2
3,16231,197265,0,3,0,3,2
3,16231,205704,0,4,0,3,2
3,16231,211008,0,5,0,3,2
3,16231,215231,0,6,0,3,2
3,16231,226698,0,7,0,3,2
3,16232,185963,0,1,0,3,2
3,16232,193518,0,2,0,3,2
3,16232,200180,0,3,0,3,2
3,16232,204934,0,4,0,3,2
3,16232,210979,0,5,0,3,2
3,16232,215288,0,6,0,3,2
3,16232,226665,0,7,0,3,2
3,16233,185964,0,1,0,3,2
3,16233,193519,0,2,0,3,2
3,16233,200181,0,3,0,3,2
3,16233,204935,0,4,0,3,2
3,16233,210976,1,5,32,3,2
3,16233,215263,1,6,64,3,2
3,16233,226684,1,7,128,3,2
3,16234,187252,1,1,2,3,2
3,16234,193515,0,2,0,3,2
3,16234,200183,0,3,0,3,2
3,16234,204936,0,4,0,3,2
3,16234,210988,0,5,0,3,2
3,16234,215302,0,6,0,3,2
3,16234,226683,0,7,0,3,2
3,16235,187253,1,1,2,3,2
3,16235,193516,0,2,0,3,2
3,16235,200185,0,3,0,3,2
3,16235,204937,0,4,0,3,2
3,16235,210989,0,5,0,3,2
3,16235,215301,0,6,0,3,2
3,16235,226669,0,7,0,3,2
3,16236,187254,1,1,2,3,2
3,16236,193517,0,2,0,3,2
3,16236,200187,0,3,0,3,2
3,16236,204938,0,4,0,3,2
3,16236,210990,0,5,0,3,2
3,16236,215300,0,6,0,3,2
3,16236,226670,0,7,0,3,2
3,16237,187216,0,1,0,3,2
3,16237,194510,0,2,0,3,2
3,16237,197271,0,3,0,3,2
3,16237,206284,0,4,0,3,2
3,16237,210998,0,5,0,3,2
3,16237,215836,0,6,0,3,2
3,16237,226696,0,7,0,3,2
3,16238,187223,1,1,2,3,2
3,16238,194483,1,2,4,3,2
3,16238,199983,1,3,8,3,2
3,16238,204423,0,4,0,3,2
3,16238,210999,0,5,0,3,2
3,16238,215837,0,6,0,3,2
3,16238,226697,0,7,0,3,2
3,16239,187250,1,1,2,3,2
3,16239,193514,0,2,0,3,2
3,16239,200188,0,3,0,3,2
3,16239,204939,0,4,0,3,2
3,16239,210991,0,5,0,3,2
3,16239,215305,0,6,0,3,2
3,16239,226671,0,7,0,3,2
3,16240,187251,1,1,2,3,2
3,16240,193513,1,2,4,3,2
3,16240,201533,0,3,0,3,2
3,16240,204940,0,4,0,3,2
3,16240,211381,1,5,32,3,2
3,16240,215267,1,6,64,3,2
3,16240,226672,1,7,128,3,2
3,16241,187249,1,1,2,3,2
3,16241,193512,1,2,4,3,2
3,16241,200939,1,3,8,3,2
3,16241,206823,1,4,16,3,2
3,16241,211517,0,5,0,3,2
3,16241,215304,0,6,0,3,2
3,16241,226673,1,7,128,3,2
3,16242,187246,1,1,2,3,2
3,16242,194501,1,2,4,3,2
3,16242,194518,0,3,0,3,2
3,16242,200191,0,4,0,3,2
3,16242,204941,0,5,0,3,2
3,16242,210969,1,6,64,3,2
3,16242,215273,1,7,128,3,2
3,16242,226674,1,8,256,3,2
3,16243,187247,1,1,2,3,2
3,16243,193510,0,2,0,3,2
3,16243,200192,0,3,0,3,2
3,16243,204942,0,4,0,3,2
3,16243,210970,1,5,32,3,2
3,16243,215275,1,6,64,3,2
3,16243,226675,1,7,128,3,2
3,16244,187248,1,1,2,3,2
3,16244,193511,0,2,0,3,2
3,16244,200193,0,3,0,3,2
3,16244,204943,0,4,0,3,2
3,16244,210971,1,5,32,3,2
3,16244,215276,1,6,64,3,2
3,16244,226676,1,7,128,3,2
3,16245,187218,0,1,0,3,2
3,16245,194509,0,2,0,3,2
3,16245,197273,0,3,0,3,2
3,16245,204425,0,4,0,3,2
3,16245,211004,0,5,0,3,2
3,16245,215834,0,6,0,3,2
3,16245,226694,0,7,0,3,2
3,16246,187222,1,1,2,3,2
3,16246,194485,1,2,4,3,2
3,16246,199986,1,3,8,3,2
3,16246,204426,0,4,0,3,2
3,16246,211005,0,5,0,3,2
3,16246,215835,0,6,0,3,2
3,16246,226695,0,7,0,3,2
3,16247,187244,1,1,2,3,2
3,16247,193509,0,2,0,3,2
3,16247,200194,0,3,0,3,2
3,16247,204945,0,4,0,3,2
3,16247,210973,1,5,32,3,2
3,16247,215278,1,6,64,3,2
3,16247,226677,1,7,128,3,2
3,16248,187245,1,1,2,3,2
3,16248,193508,1,2,4,3,2
3,16248,201532,0,3,0,3,2
3,16248,204946,0,4,0,3,2
3,16248,211380,1,5,32,3,2
3,16248,215269,1,6,64,3,2
3,16248,226678,1,7,128,3,2
3,16249,187243,1,1,2,3,2
3,16249,193507,1,2,4,3,2
3,16249,200940,1,3,8,3,2
3,16249,204944,0,4,0,3,2
3,16249,211516,0,5,0,3,2
3,16249,215303,0,6,0,3,2
3,16249,226679,1,7,128,3,2
20,18340,184777,0,1,0,1,3
20,18340,190316,0,2,0,1,3
20,18340,190326,1,3,8,1,3
20,18340,194484,0,4,0,1,3
20,18340,197228,0,5,0,1,3
20,18340,204091,0,6,0,1,3
20,18341,184784,0,1,0,1,3
20,18341,190325,0,2,0,1,3
20,18341,197234,0,3,0,1,3
20,18341,204099,0,4,0,1,3
20,18342,184785,0,1,0,1,3
20,18342,190323,0,2,0,1,3
20,18342,197235,0,3,0,1,3
20,18342,204100,0,4,0,1,3
20,18343,184778,0,1,0,1,3
20,18343,190317,0,2,0,1,3
20,18343,197229,0,3,0,1,3
20,18343,204092,0,4,0,1,3
20,18344,184779,0,1,0,1,3
20,18344,190318,0,2,0,1,3
20,18344,197230,0,3,0,1,3
20,18344,204096,0,4,0,1,3
20,18345,184782,0,1,0,1,3
20,18345,190324,0,2,0,1,3
20,18345,197233,0,3,0,1,3
20,18345,204098,0,4,0,1,3
20,18346,187760,0,1,0,1,3
20,18346,194486,0,2,0,1,3
20,18346,205780,1,3,8,1,3
20,18347,184783,0,1,0,1,3
20,18347,190322,0,2,0,1,3
20,18347,197236,0,3,0,1,3
20,18347,204101,0,4,0,1,3
20,18374,184781,0,1,0,1,3
20,18374,190320,0,2,0,1,3
20,18374,197232,0,3,0,1,3
20,18374,204094,0,4,0,1,3
20,18375,184780,0,1,0,1,3
20,18375,190319,0,2,0,1,3
20,18375,197231,0,3,0,1,3
20,18375,204095,0,4,0,1,3
6,18376,184730,0,1,0,2,2
6,18376,190378,0,2,0,2,2
6,18376,197199,0,3,0,2,2
6,18376,206016,0,4,0,2,2
6,18376,211373,0,5,0,2,2
6,18376,215412,0,6,0,2,2
6,18376,226551,0,7,0,2,2
6,18377,187194,0,1,0,2,2
6,18377,193464,0,2,0,2,2
6,18377,199876,0,3,0,2,2
6,18377,206015,0,4,0,2,2
6,18377,211372,0,5,0,2,2
6,18377,215411,0,6,0,2,2
6,18377,226550,0,7,0,2,2
6,18378,185917,1,1,2,2,2
6,18378,193466,1,2,4,2,2
6,18378,200016,1,3,8,2,2
6,18378,206018,0,4,0,2,2
6,18378,211375,0,5,0,2,2
6,18378,215414,0,6,0,2,2
6,18378,226553,0,7,0,2,2
6,18379,184728,0,1,0,2,2
6,18379,190376,0,2,0,2,2
6,18379,197197,0,3,0,2,2
6,18379,205995,0,4,0,2,2
6,18379,211370,0,5,0,2,2
6,18379,215408,0,6,0,2,2
6,18379,226548,0,7,0,2,2
6,18380,184733,0,1,0,2,2
6,18380,190382,0,2,0,2,2
6,18380,197203,0,3,0,2,2
6,18380,206021,0,4,0,2,2
6,18380,210419,0,5,0,2,2
6,18380,215417,0,6,0,2,2
6,18380,226556,0,7,0,2,2
6,18381,184727,0,1,0,2,2
6,18381,190375,0,2,0,2,2
6,18381,197196,0,3,0,2,2
6,18381,205994,0,4,0,2,2
6,18381,211369,0,5,0,2,2
6,18381,215407,0,6,0,2,2
6,18381,226547,0,7,0,2,2
6,18382,184731,0,1,0,2,2
6,18382,190379,0,2,0,2,2
6,18382,197200,0,3,0,2,2
6,18382,206017,0,4,0,2,2
6,18382,211374,0,5,0,2,2
6,18382,215413,0,6,0,2,2
6,18382,226552,0,7,0,2,2
21,18385,184750,0,1,0,1,3
21,18385,190412,0,2,0,1,3
21,18385,197220,0,3,0,1,3
21,18385,206027,0,4,0,1,3
21,18386,184794,0,1,0,1,3
21,18386,194493,0,2,0,1,3
21,18386,197223,0,3,0,1,3
21,18386,204147,0,4,0,1,3
21,18387,184752,0,1,0,1,3
21,18387,190414,0,2,0,1,3
21,18387,198746,0,3,0,1,3
21,18387,206029,0,4,0,1,3
21,18388,187197,0,1,0,1,3
21,18388,193475,0,2,0,1,3
21,18388,200177,0,3,0,1,3
21,18388,206025,0,4,0,1,3
21,18389,184751,0,1,0,1,3
21,18389,190413,0,2,0,1,3
21,18389,198745,0,3,0,1,3
21,18389,206028,0,4,0,1,3
21,18390,184748,0,1,0,1,3
21,18390,190410,0,2,0,1,3
21,18390,197218,0,3,0,1,3
21,18390,206024,0,4,0,1,3
21,18391,184795,0,1,0,1,3
21,18391,190340,0,2,0,1,3
21,18391,197225,0,3,0,1,3
21,18391,204151,0,4,0,1,3
21,18392,187769,0,1,0,1,3
21,18392,205778,1,2,4,1,3
6,18393,184732,0,1,0,2,2
6,18393,190381,0,2,0,2,2
6,18393,197202,0,3,0,2,2
6,18393,204171,0,4,0,2,2
6,18393,211377,0,5,0,2,2
6,18393,215416,0,6,0,2,2
6,18393,226555,0,7,0,2,2
6,18394,184729,0,1,0,2,2
6,18394,190377,0,2,0,2,2
6,18394,197198,0,3,0,2,2
6,18394,204170,0,4,0,2,2
6,18394,211371,0,5,0,2,2
6,18394,215410,0,6,0,2,2
6,18394,226549,0,7,0,2,2
6,18395,187083,0,1,0,2,2
6,18395,190380,0,2,0,2,2
6,18395,197201,0,3,0,2,2
6,18395,206019,0,4,0,2,2
6,18395,211376,0,5,0,2,2
6,18395,215415,0,6,0,2,2
6,18395,226554,0,7,0,2,2
6,18396,184734,0,1,0,2,2
6,18396,190383,0,2,0,2,2
6,18396,197205,0,3,0,2,2
6,18396,204172,0,4,0,2,2
6,18396,210420,0,5,0,2,2
6,18396,215421,0,6,0,2,2
6,18396,226557,0,7,0,2,2
6,18397,187759,1,1,2,2,2
6,18397,193465,1,2,4,2,2
6,18397,200014,1,3,8,2,2
6,18397,206447,1,4,16,2,2
6,18397,211524,1,5,32,2,2
6,18397,215409,0,6,0,2,2
6,18397,226546,1,7,128,2,2
6,18398,205769,1,1,2,2,2
6,18398,215419,1,2,4,2,2
21,18399,187070,0,1,0,1,3
21,18399,190341,0,2,0,1,3
21,18399,197224,0,3,0,1,3
21,18399,206242,0,4,0,1,3
21,18400,184749,0,1,0,1,3
21,18400,190411,0,2,0,1,3
21,18400,197219,0,3,0,1,3
21,18400,206026,0,4,0,1,3
17,18697,184761,0,1,0,1,3
17,18697,193452,0,2,0,1,3
17,18697,200279,0,3,0,1,3
17,18697,204216,0,4,0,1,3
17,18698,184763,0,1,0,1,3
17,18698,190366,0,2,0,1,3
17,18698,200280,0,3,0,1,3
17,18698,204215,0,4,0,1,3
17,18699,184762,0,1,0,1,3
17,18699,190364,0,2,0,1,3
17,18699,200281,0,3,0,1,3
17,18699,204217,0,4,0,1,3
17,18700,184764,0,1,0,1,3
17,18700,190365,0,2,0,1,3
17,18700,200282,0,3,0,1,3
17,18700,204501,0,4,0,1,3
17,18700,204519,1,5,32,1,3
17,18700,205848,0,6,0,1,3
17,18701,185920,0,1,0,1,3
17,18701,193455,0,2,0,1,3
17,18701,200284,0,3,0,1,3
17,18701,204507,0,4,0,1,3
17,18702,184767,0,1,0,1,3
17,18702,190367,0,2,0,1,3
17,18702,200285,0,3,0,1,3
17,18702,204505,0,4,0,1,3
17,18703,187758,0,1,0,1,3
17,18703,190368,0,2,0,1,3
17,18703,201534,0,3,0,1,3
17,18703,205859,0,4,0,1,3
17,18704,184766,0,1,0,1,3
17,18704,193453,0,2,0,1,3
17,18704,200286,0,3,0,1,3
17,18704,204506,0,4,0,1,3
17,18705,184760,0,1,0,1,3
17,18705,190363,0,2,0,1,3
17,18705,200287,0,3,0,1,3
17,18705,204500,0,4,0,1,3
17,18706,184765,0,1,0,1,3
17,18706,194481,0,2,0,1,3
17,18706,200288,0,3,0,1,3
17,18706,204504,0,4,0,1,3
17,18707,184759,0,1,0,1,3
17,18707,190362,0,2,0,1,3
17,18707,200289,0,3,0,1,3
17,18707,204499,0,4,0,1,3
10,18708,184753,0,1,0,1,2
10,18708,190357,0,2,0,1,2
10,18708,200025,1,3,8,1,2
10,18708,204198,0,4,0,1,2
10,18708,210955,0,5,0,1,2
10,18708,215532,0,6,0,1,2
10,18708,226624,0,7,0,1,2
10,18709,184754,0,1,0,1,2
10,18709,190358,0,2,0,1,2
10,18709,200026,0,3,0,1,2
10,18709,205740,0,4,0,1,2
10,18709,210956,0,5,0,1,2
10,18709,215530,0,6,0,1,2
10,18709,226622,0,7,0,1,2
10,18710,193449,0,1,0,1,2
10,18710,200260,0,2,0,1,2
10,18710,205741,0,3,0,1,2
10,18710,211529,0,4,0,1,2
10,18710,215534,0,5,0,1,2
10,18710,226627,0,6,0,1,2
10,18711,185919,0,1,0,1,2
10,18711,193451,0,2,0,1,2
10,18711,200024,0,3,0,1,2
10,18711,204199,0,4,0,1,2
10,18711,210957,0,5,0,1,2
10,18711,215536,0,6,0,1,2
10,18711,226629,0,7,0,1,2
10,18712,185918,0,1,0,1,2
10,18712,193450,0,2,0,1,2
10,18712,200019,0,3,0,1,2
10,18712,205742,0,4,0,1,2
10,18712,210962,0,5,0,1,2
10,18712,215535,0,6,0,1,2
10,18712,226628,0,7,0,1,2
10,18713,184755,0,1,0,1,2
10,18713,193448,0,2,0,1,2
10,18713,200020,0,3,0,1,2
10,18713,204200,0,4,0,1,2
10,18713,210958,0,5,0,1,2
10,18713,215531,0,6,0,1,2
10,18713,226623,0,7,0,1,2
10,18714,184756,0,1,0,1,2
10,18714,190359,0,2,0,1,2
10,18714,200021,0,3,0,1,2
10,18714,204202,0,4,0,1,2
10,18714,211528,0,5,0,1,2
10,18714,215539,0,6,0,1,2
10,18714,226625,0,7,0,1,2
10,18715,184757,0,1,0,1,2
10,18715,190360,0,2,0,1,2
10,18715,200022,0,3,0,1,2
10,18715,204203,0,4,0,1,2
10,18715,210959,0,5,0,1,2
10,18715,215533,0,6,0,1,2
10,18715,226626,0,7,0,1,2
10,18716,184758,0,1,0,1,2
10,18716,190361,0,2,0,1,2
10,18716,200023,0,3,0,1,2
10,18716,204204,0,4,0,1,2
10,18716,210960,0,5,0,1,2
10,18716,215537,0,6,0,1,2
10,18716,226630,0,7,0,1,2
10,18717,205743,1,1,2,1,2
10,18717,215422,1,2,4,1,2
12,18723,185863,0,1,0,1,2
12,18723,190387,0,2,0,1,2
12,18723,197209,0,3,0,1,2
12,18723,204174,0,4,0,1,2
12,18723,210424,0,5,0,1,2
12,18723,215433,0,6,0,1,2
12,18723,226586,0,7,0,1,2
12,18724,187084,0,1,0,1,2
12,18724,193469,0,2,0,1,2
12,18724,200174,0,3,0,1,2
12,18724,206023,0,4,0,1,2
12,18724,210425,0,5,0,1,2
12,18724,215434,0,6,0,1,2
12,18724,226587,0,7,0,1,2
12,18725,185864,0,1,0,1,2
12,18725,190388,0,2,0,1,2
12,18725,197210,0,3,0,1,2
12,18725,204175,0,4,0,1,2
12,18725,210426,0,5,0,1,2
12,18725,215435,0,6,0,1,2
12,18725,226588,0,7,0,1,2
12,18726,187196,0,1,0,1,2
12,18726,193468,0,2,0,1,2
12,18726,199878,0,3,0,1,2
12,18726,206022,0,4,0,1,2
12,18726,210423,0,5,0,1,2
12,18726,215432,0,6,0,1,2
12,18726,226585,0,7,0,1,2
12,18727,185866,0,1,0,1,2
12,18727,190391,0,2,0,1,2
12,18727,197212,0,3,0,1,2
12,18727,204177,0,4,0,1,2
12,18727,210428,0,5,0,1,2
12,18727,215437,0,6,0,1,2
12,18727,226590,0,7,0,1,2
12,18728,185865,0,1,0,1,2
12,18728,190390,0,2,0,1,2
12,18728,197211,0,3,0,1,2
12,18728,204176,0,4,0,1,2
12,18728,210427,0,5,0,1,2
12,18728,215436,0,6,0,1,2
12,18728,226589,0,7,0,1,2
22,18754,187075,0,1,0,1,2
22,18754,190346,0,2,0,1,2
22,18754,197262,0,3,0,1,2
22,18754,204138,0,4,0,1,2
22,18754,211025,0,5,0,1,2
22,18754,215567,0,6,0,1,2
22,18754,226603,0,7,0,1,2
22,18755,184796,0,1,0,1,2
22,18755,190342,0,2,0,1,2
22,18755,197260,0,3,0,1,2
22,18755,204136,0,4,0,1,2
22,18755,211023,0,5,0,1,2
22,18755,215565,0,6,0,1,2
22,18755,226601,0,7,0,1,2
22,18756,184798,0,1,0,1,2
22,18756,190345,0,2,0,1,2
22,18756,197263,0,3,0,1,2
22,18756,204139,0,4,0,1,2
22,18756,211026,0,5,0,1,2
22,18756,215568,0,6,0,1,2
22,18756,226604,0,7,0,1,2
22,18757,187770,0,1,0,1,2
22,18757,205788,1,2,4,1,2
22,18757,215564,1,3,8,1,2
22,18758,184797,0,1,0,1,2
22,18758,190343,0,2,0,1,2
22,18758,197261,0,3,0,1,2
22,18758,204137,0,4,0,1,2
22,18758,211024,0,5,0,1,2
22,18758,215566,0,6,0,1,2
22,18758,226602,0,7,0,1,2
12,18761,185867,0,1,0,1,2
12,18761,190392,0,2,0,1,2
12,18761,197213,0,3,0,1,2
12,18761,204178,0,4,0,1,2
12,18761,210429,0,5,0,1,2
12,18761,215438,0,6,0,1,2
12,18761,226591,0,7,0,1,2
12,18762,187086,0,1,0,1,2
12,18762,190394,0,2,0,1,2
12,18762,197215,0,3,0,1,2
12,18762,204195,0,4,0,1,2
12,18762,211881,0,5,0,1,2
12,18762,215440,0,6,0,1,2
12,18762,226593,0,7,0,1,2
12,18763,185861,0,1,0,1,2
12,18763,190385,0,2,0,1,2
12,18763,197207,0,3,0,1,2
12,18763,204194,0,4,0,1,2
12,18763,211879,0,5,0,1,2
12,18763,215442,0,6,0,1,2
12,18763,226583,0,7,0,1,2
12,18764,205770,1,1,2,1,2
12,18764,215423,1,2,4,1,2
16,19740,184789,0,1,0,1,2
16,19740,190330,0,2,0,1,2
16,19740,197242,0,3,0,1,2
16,19740,204132,0,4,0,1,2
16,19740,211017,0,5,0,1,2
16,19740,215505,0,6,0,1,2
16,19740,226600,0,7,0,1,2
16,19741,184790,0,1,0,1,2
16,19741,190331,0,2,0,1,2
16,19741,197243,0,3,0,1,2
16,19741,204133,0,4,0,1,2
16,19741,211019,0,5,0,1,2
16,19741,215506,0,6,0,1,2
16,19741,226598,0,7,0,1,2
16,19742,187761,0,1,0,1,2
16,19742,194487,0,2,0,1,2
16,19742,197239,0,3,0,1,2
16,19742,204130,0,4,0,1,2
16,19742,211015,0,5,0,1,2
16,19742,215503,0,6,0,1,2
16,19742,226596,0,7,0,1,2
16,19743,184786,0,1,0,1,2
16,19743,190327,0,2,0,1,2
16,19743,197237,0,3,0,1,2
16,19743,206235,0,4,0,1,2
16,19743,211013,0,5,0,1,2
16,19743,215501,0,6,0,1,2
16,19743,226594,0,7,0,1,2
16,19744,184787,0,1,0,1,2
16,19744,190328,0,2,0,1,2
16,19744,197238,0,3,0,1,2
16,19744,204129,0,4,0,1,2
16,19744,211014,0,5,0,1,2
16,19744,215502,0,6,0,1,2
16,19744,226595,0,7,0,1,2
16,19745,184788,0,1,0,1,2
16,19745,190329,0,2,0,1,2
16,19745,197241,0,3,0,1,2
16,19745,204131,0,4,0,1,2
16,19745,211016,0,5,0,1,2
16,19745,215504,0,6,0,1,2
16,19745,226597,0,7,0,1,2
16,19746,184791,0,1,0,1,2
16,19746,190332,0,2,0,1,2
16,19746,197244,0,3,0,1,2
16,19746,204134,0,4,0,1,2
16,19746,211021,0,5,0,1,2
16,19746,215508,0,6,0,1,2
16,19746,226599,0,7,0,1,2
16,19747,187762,0,1,0,1,2
16,19747,205781,1,2,4,1,2
16,19747,215496,1,3,8,1,2
15,19750,184738,0,1,0,1,2
15,19750,190399,0,2,0,1,2
15,19750,198759,0,3,0,1,2
15,19750,204188,0,4,0,1,2
15,19750,210450,0,5,0,1,2
15,19750,215479,0,6,0,1,2
15,19750,226564,0,7,0,1,2
15,19751,184739,0,1,0,1,2
15,19751,190400,0,2,0,1,2
15,19751,198760,0,3,0,1,2
15,19751,204189,0,4,0,1,2
15,19751,210451,0,5,0,1,2
15,19751,215480,0,6,0,1,2
15,19751,226565,0,7,0,1,2
15,19752,184740,0,1,0,1,2
15,19752,194471,0,2,0,1,2
15,19752,198762,0,3,0,1,2
15,19752,206039,0,4,0,1,2
15,19752,211942,0,5,0,1,2
15,19752,215464,0,6,0,1,2
15,19752,226569,0,7,0,1,2
15,19753,187199,0,1,0,1,2
15,19753,193470,0,2,0,1,2
15,19753,200164,0,3,0,1,2
15,19753,206034,0,4,0,1,2
15,19753,210446,0,5,0,1,2
15,19753,215475,0,6,0,1,2
15,19753,226561,0,7,0,1,2
15,19754,187200,0,1,0,1,2
15,19754,193471,0,2,0,1,2
15,19754,200160,0,3,0,1,2
15,19754,206036,0,4,0,1,2
15,19754,210453,0,5,0,1,2
15,19754,215481,0,6,0,1,2
15,19754,226566,0,7,0,1,2
8,19755,187063,0,1,0,2,2
8,19755,194491,0,2,0,2,2
8,19755,197247,0,3,0,2,2
8,19755,204142,0,4,0,2,2
8,19755,204144,1,5,32,2,2
8,19755,206241,0,6,0,2,2
8,19755,211030,0,7,0,2,2
8,19755,215560,0,8,0,2,2
8,19755,226607,0,9,0,2,2
8,19756,187061,0,1,0,2,2
8,19756,194488,0,2,0,2,2
8,19756,197245,0,3,0,2,2
8,19756,204140,0,4,0,2,2
8,19756,211028,0,5,0,2,2
8,19756,215558,0,6,0,2,2
8,19756,226605,0,7,0,2,2
8,19757,187763,0,1,0,2,2
8,19757,194490,0,2,0,2,2
8,19757,197246,0,3,0,2,2
8,19757,204141,0,4,0,2,2
8,19757,204143,1,5,32,2,2
8,19757,206240,0,6,0,2,2
8,19757,211029,0,7,0,2,2
8,19757,215559,0,8,0,2,2
8,19757,226606,0,9,0,2,2
8,19758,187826,1,1,2,2,2
8,19758,205782,1,2,4,2,2
8,19758,215557,1,3,8,2,2
9,19782,187064,0,1,0,1,2
9,19782,194497,0,2,0,1,2
9,19782,197249,0,3,0,1,2
9,19782,204157,0,4,0,1,2
9,19782,211042,0,5,0,1,2
9,19782,215541,0,6,0,1,2
9,19782,226617,0,7,0,1,2
9,19783,187764,0,1,0,1,2
9,19783,194496,0,2,0,1,2
9,19783,197248,0,3,0,1,2
9,19783,204156,0,4,0,1,2
9,19783,211041,0,5,0,1,2
9,19783,215540,0,6,0,1,2
9,19783,226616,0,7,0,1,2
9,19784,187765,0,1,0,1,2
9,19784,194500,0,2,0,1,2
9,19784,197251,0,3,0,1,2
9,19784,204159,0,4,0,1,2
9,19784,211044,0,5,0,1,2
9,19784,215544,0,6,0,1,2
9,19784,226619,0,7,0,1,2
9,19785,187771,1,1,2,1,2
9,19785,194498,0,2,0,1,2
9,19785,197250,0,3,0,1,2
9,19785,204158,0,4,0,1,2
9,19785,211043,0,5,0,1,2
9,19785,215542,0,6,0,1,2
9,19785,226618,0,7,0,1,2
15,19786,184737,0,1,0,1,2
15,19786,190398,0,2,0,1,2
15,19786,198758,0,3,0,1,2
15,19786,204187,0,4,0,1,2
15,19786,210448,0,5,0,1,2
15,19786,215478,0,6,0,1,2
15,19786,226563,0,7,0,1,2
15,19787,184735,0,1,0,1,2
15,19787,190396,0,2,0,1,2
15,19787,198756,0,3,0,1,2
15,19787,206033,0,4,0,1,2
15,19787,210444,0,5,0,1,2
15,19787,215474,0,6,0,1,2
15,19787,226560,0,7,0,1,2
15,19788,184741,0,1,0,1,2
15,19788,190402,0,2,0,1,2
15,19788,198763,0,3,0,1,2
15,19788,204191,0,4,0,1,2
15,19788,211943,0,5,0,1,2
15,19788,215484,0,6,0,1,2
15,19788,226570,0,7,0,1,2
15,19789,205771,1,1,2,1,2
15,19789,215457,1,2,4,1,2
15,19790,187092,0,1,0,1,2
15,19790,194469,0,2,0,1,2
15,19790,200158,0,3,0,1,2
15,19790,206037,0,4,0,1,2
15,19790,210456,0,5,0,1,2
15,19790,215482,0,6,0,1,2
15,19790,226567,0,7,0,1,2
15,19791,185870,0,1,0,1,2
15,19791,190401,0,2,0,1,2
15,19791,198761,0,3,0,1,2
15,19791,206038,0,4,0,1,2
15,19791,210457,0,5,0,1,2
15,19791,215462,0,6,0,1,2
15,19791,215467,1,7,128,1,2
15,19791,215483,0,8,0,1,2
15,19791,226568,0,9,0,1,2
15,19792,184736,0,1,0,1,2
15,19792,190397,0,2,0,1,2
15,19792,198757,0,3,0,1,2
15,19792,206035,0,4,0,1,2
15,19792,210447,0,5,0,1,2
15,19792,215476,0,6,0,1,2
15,19792,226562,0,7,0,1,2
11,19794,184747,0,1,0,1,2
11,19794,190409,0,2,0,1,2
11,19794,198755,0,3,0,1,2
11,19794,206032,0,4,0,1,2
11,19794,210441,0,5,0,1,2
11,19794,215454,0,6,0,1,2
11,19794,226580,0,7,0,1,2
11,19795,185873,1,1,2,1,2
11,19795,187088,0,2,0,1,2
11,19795,194463,0,3,0,1,2
11,19795,194468,1,4,16,1,2
11,19795,200169,0,5,0,1,2
11,19795,204184,1,6,64,1,2
11,19795,206030,0,7,0,1,2
11,19795,210438,0,8,0,1,2
11,19795,215455,0,10,0,1,2
11,19795,215450,0,9,0,1,2
11,19795,226571,0,11,0,1,2
11,19795,226577,0,12,0,1,2
11,19796,184744,0,1,0,1,2
11,19796,190405,0,2,0,1,2
11,19796,198750,0,3,0,1,2
11,19796,204182,0,4,0,1,2
11,19796,210433,0,5,0,1,2
11,19796,215447,0,6,0,1,2
11,19796,226574,0,7,0,1,2
11,19797,185871,0,1,0,1,2
11,19797,190408,0,2,0,1,2
11,19797,198754,0,3,0,1,2
11,19797,204186,0,4,0,1,2
11,19797,210440,0,5,0,1,2
11,19797,215453,0,6,0,1,2
11,19797,226579,0,7,0,1,2
11,19798,185874,1,1,2,1,2
11,19798,194465,0,2,0,1,2
11,19798,200638,0,3,0,1,2
11,19798,206031,0,4,0,1,2
11,19798,210436,0,5,0,1,2
11,19798,215449,0,6,0,1,2
11,19798,226576,0,7,0,1,2
11,19799,184743,0,1,0,1,2
11,19799,190404,0,2,0,1,2
11,19799,198749,0,3,0,1,2
11,19799,204181,0,4,0,1,2
11,19799,210432,0,5,0,1,2
11,19799,215446,0,6,0,1,2
11,19799,226573,0,7,0,1,2
11,19800,184745,0,1,0,1,2
11,19800,190406,0,2,0,1,2
11,19800,198751,0,3,0,1,2
11,19800,204183,0,4,0,1,2
11,19800,210435,0,5,0,1,2
11,19800,215448,0,6,0,1,2
11,19800,226575,0,7,0,1,2
11,19801,184742,0,1,0,1,2
11,19801,190403,0,2,0,1,2
11,19801,198748,0,3,0,1,2
11,19801,204180,0,4,0,1,2
11,19801,210431,0,5,0,1,2
11,19801,215445,0,6,0,1,2
11,19801,226572,0,7,0,1,2
11,19802,184746,0,1,0,1,2
11,19802,190407,0,2,0,1,2
11,19802,198752,0,3,0,1,2
11,19802,204185,0,4,0,1,2
11,19802,210439,0,5,0,1,2
11,19802,215452,0,6,0,1,2
11,19802,226578,0,7,0,1,2
11,19803,187080,0,1,0,1,2
11,19803,205775,1,2,4,1,2
11,19803,215444,1,3,8,1,2
9,19809,187766,0,1,0,1,2
9,19809,190334,0,2,0,1,2
9,19809,197253,0,3,0,1,2
9,19809,204161,0,4,0,1,2
9,19809,211046,0,5,0,1,2
9,19809,215546,0,6,0,1,2
9,19809,226621,0,7,0,1,2
9,19811,184792,0,1,0,1,2
9,19811,190333,0,2,0,1,2
9,19811,197252,0,3,0,1,2
9,19811,204160,0,4,0,1,2
9,19811,211045,0,5,0,1,2
9,19811,215545,0,6,0,1,2
9,19811,226620,0,7,0,1,2
12,19828,185860,0,1,0,1,2
12,19828,190384,0,2,0,1,2
12,19828,197206,0,3,0,1,2
12,19828,204193,0,4,0,1,2
12,19828,211880,0,5,0,1,2
12,19828,215441,0,6,0,1,2
12,19828,226582,0,7,0,1,2
12,19829,185869,0,1,0,1,2
12,19829,190393,0,2,0,1,2
12,19829,197214,0,3,0,1,2
12,19829,204179,0,4,0,1,2
12,19829,210430,0,5,0,1,2
12,19829,215439,0,6,0,1,2
12,19829,226592,0,7,0,1,2
12,19830,185862,0,1,0,1,2
12,19830,190386,0,2,0,1,2
12,19830,197208,0,3,0,1,2
12,19830,204173,0,4,0,1,2
12,19830,210422,0,5,0,1,2
12,19830,215874,1,6,64,1,2
12,19830,226584,0,7,0,1,2
19,19831,184775,0,1,0,1,3
19,19831,190372,0,2,0,1,3
19,19831,200262,0,3,0,1,3
19,19831,204205,0,4,0,1,3
19,19832,184772,0,1,0,1,3
19,19832,190371,0,2,0,1,3
19,19832,200263,0,3,0,1,3
19,19832,204206,0,4,0,1,3
19,19833,184776,0,1,0,1,3
19,19833,193462,0,2,0,1,3
19,19833,200266,0,3,0,1,3
19,19833,204207,0,4,0,1,3
19,19834,184770,0,1,0,1,3
19,19834,190369,0,2,0,1,3
19,19834,200268,0,3,0,1,3
19,19834,204208,0,4,0,1,3
19,19835,184771,0,1,0,1,3
19,19835,190370,0,2,0,1,3
19,19835,200269,0,3,0,1,3
19,19835,204209,0,4,0,1,3
19,19836,184773,0,1,0,1,3
19,19836,193458,0,2,0,1,3
19,19836,200270,0,3,0,1,3
19,19836,204210,0,4,0,1,3
19,19837,184768,0,1,0,1,3
19,19837,193456,0,2,0,1,3
19,19837,200271,0,3,0,1,3
19,19837,204212,0,4,0,1,3
19,19838,190373,0,1,0,1,3
19,19838,201527,0,2,0,1,3
19,19838,205823,0,3,0,1,3
19,19839,184774,0,1,0,1,3
19,19839,193459,0,2,0,1,3
19,19839,200272,0,3,0,1,3
19,19839,204213,0,4,0,1,3
19,19840,187757,0,1,0,1,3
19,19840,193460,0,2,0,1,3
19,19840,200273,0,3,0,1,3
19,19840,205824,0,4,0,1,3
19,19841,184769,0,1,0,1,3
19,19841,193457,0,2,0,1,3
19,19841,200278,0,3,0,1,3
19,19841,204214,0,4,0,1,3
19,19842,205784,1,1,2,1,3
18,19848,187069,0,1,0,1,2
18,19848,190339,0,2,0,1,2
18,19848,200640,0,3,0,1,2
18,19848,204155,0,4,0,1,2
18,19848,211037,0,5,0,1,2
18,19848,215553,0,6,0,1,2
18,19848,226612,0,7,0,1,2
18,19849,187768,0,1,0,1,2
18,19849,190337,0,2,0,1,2
18,19849,197258,0,3,0,1,2
18,19849,206448,0,4,0,1,2
18,19849,211038,0,5,0,1,2
18,19849,215554,0,6,0,1,2
18,19849,226613,0,7,0,1,2
18,19850,187065,0,1,0,1,2
18,19850,190335,0,2,0,1,2
18,19850,197254,0,3,0,1,2
18,19850,204153,0,4,0,1,2
18,19850,211032,0,5,0,1,2
18,19850,215550,0,6,0,1,2
18,19850,226609,0,7,0,1,2
18,19851,184793,0,1,0,1,2
18,19851,190338,0,2,0,1,2
18,19851,197259,0,3,0,1,2
18,19851,206236,0,4,0,1,2
18,19851,211039,0,5,0,1,2
18,19851,215555,0,6,0,1,2
18,19851,226615,0,7,0,1,2
18,19852,187767,0,1,0,1,2
18,19852,197257,0,2,0,1,2
18,19852,205786,1,3,8,1,2
18,19852,215548,1,4,16,1,2
18,19853,187066,0,1,0,1,2
18,19853,194494,0,2,0,1,2
18,19853,197255,0,3,0,1,2
18,19853,204154,0,4,0,1,2
18,19853,211033,0,5,0,1,2
18,19853,215551,0,6,0,1,2
18,19853,226610,0,7,0,1,2
18,19854,187068,0,1,0,1,2
18,19854,190336,0,2,0,1,2
18,19854,197256,0,3,0,1,2
18,19854,206243,0,4,0,1,2
18,19854,211034,0,5,0,1,2
18,19854,215552,0,6,0,1,2
18,19854,226611,0,7,0,1,2
7,92637,184677,0,1,0,1,2
7,92637,190220,0,2,0,1,2
7,92637,198795,0,3,0,1,2
7,92637,204030,0,4,0,1,2
7,92637,209939,0,5,0,1,2
7,92637,215403,0,6,0,1,2
7,92637,226506,0,7,0,1,2
7,92638,184678,0,1,0,1,2
7,92638,190221,0,2,0,1,2
7,92638,198796,0,3,0,1,2
7,92638,204031,0,4,0,1,2
7,92639,184679,0,1,0,1,2
7,92639,190248,0,2,0,1,2
7,92639,198797,0,3,0,1,2
7,92639,204032,0,4,0,1,2
7,92640,184680,0,1,0,1,2
7,92640,190222,0,2,0,1,2
7,92640,198798,0,3,0,1,2
7,92640,204033,0,4,0,1,2
7,92641,184681,0,1,0,1,2
7,92641,190243,0,2,0,1,2
7,92641,198799,0,3,0,1,2
7,92641,204034,0,4,0,1,2
7,92641,211875,0,5,0,1,2
7,92641,215822,0,6,0,1,2
7,92641,226507,0,7,0,1,2
7,92642,184682,0,1,0,1,2
7,92642,190244,0,2,0,1,2
7,92642,198800,0,3,0,1,2
7,92642,204035,0,4,0,1,2
7,92643,184683,1,1,2,1,2
7,92643,190224,1,2,4,1,2
7,92643,198801,0,3,0,1,2
7,92643,204026,1,4,16,1,2
7,92643,204028,1,5,32,1,2
7,92643,204407,0,6,0,1,2
7,92644,184685,0,1,0,1,2
7,92644,190245,0,2,0,1,2
7,92644,198802,0,3,0,1,2
7,92644,204027,1,4,16,1,2
7,92644,204029,1,5,32,1,2
7,92644,204408,0,6,0,1,2
7,92644,209940,0,7,0,1,2
7,92644,215396,0,8,0,1,2
7,92644,226508,0,9,0,1,2
7,92645,184686,0,1,0,1,2
7,92645,190225,0,2,0,1,2
7,92645,198803,0,3,0,1,2
7,92645,204036,0,4,0,1,2
7,92646,184693,0,1,0,1,2
7,92646,190223,0,2,0,1,2
7,92646,198804,0,3,0,1,2
7,92646,204039,0,4,0,1,2
7,92646,209941,0,5,0,1,2
7,92646,215823,0,6,0,1,2
7,92646,226509,0,7,0,1,2
7,92647,184684,0,1,0,1,2
7,92647,190227,0,2,0,1,2
7,92647,198805,0,3,0,1,2
7,92647,204040,0,4,0,1,2
7,92648,184687,0,1,0,1,2
7,92648,190228,0,2,0,1,2
7,92648,198807,0,3,0,1,2
7,92648,204041,0,4,0,1,2
7,92649,184688,0,1,0,1,2
7,92649,190229,0,2,0,1,2
7,92649,198808,0,3,0,1,2
7,92649,204042,0,4,0,1,2
7,92650,184689,0,1,0,1,2
7,92650,190230,0,2,0,1,2
7,92650,198809,0,3,0,1,2
7,92650,204043,0,4,0,1,2
7,92651,184690,0,1,0,1,2
7,92651,190231,0,2,0,1,2
7,92651,198810,0,3,0,1,2
7,92651,204044,0,4,0,1,2
7,92652,184694,0,1,0,1,2
7,92652,190232,0,2,0,1,2
7,92652,198811,0,3,0,1,2
7,92652,204045,0,4,0,1,2
7,92652,209942,0,5,0,1,2
7,92652,215402,0,6,0,1,2
7,92652,226510,0,7,0,1,2
7,92653,184691,0,1,0,1,2
7,92653,190233,0,2,0,1,2
7,92653,198812,0,3,0,1,2
7,92653,204046,0,4,0,1,2
7,92654,184692,0,1,0,1,2
7,92654,190234,0,2,0,1,2
7,92654,198813,0,3,0,1,2
7,92654,204047,0,4,0,1,2
7,92655,184695,0,1,0,1,2
7,92655,190235,0,2,0,1,2
7,92655,198814,0,3,0,1,2
7,92655,204050,0,4,0,1,2
7,92656,184696,0,1,0,1,2
7,92656,190236,0,2,0,1,2
7,92656,198815,0,3,0,1,2
7,92656,204051,0,4,0,1,2
7,92657,184697,0,1,0,1,2
7,92657,190237,0,2,0,1,2
7,92657,198816,0,3,0,1,2
7,92657,204052,0,4,0,1,2
7,92658,184698,0,1,0,1,2
7,92658,190238,0,2,0,1,2
7,92658,198817,0,3,0,1,2
7,92658,204038,0,4,0,1,2
7,92659,184699,0,1,0,1,2
7,92659,190239,0,2,0,1,2
7,92659,198818,0,3,0,1,2
7,92659,204409,0,4,0,1,2
7,92659,209943,0,5,0,1,2
7,92659,215400,0,6,0,1,2
7,92659,226511,0,7,0,1,2
7,92660,184700,0,1,0,1,2
7,92660,190241,0,2,0,1,2
7,92660,198819,0,3,0,1,2
7,92660,204410,0,4,0,1,2
7,92660,209944,0,5,0,1,2
7,92660,215401,0,6,0,1,2
7,92660,226512,0,7,0,1,2
7,92661,184702,0,1,0,1,2
7,92661,194476,0,2,0,1,2
7,92661,198820,0,3,0,1,2
7,92661,204411,0,4,0,1,2
7,92662,184701,0,1,0,1,2
7,92662,194477,0,2,0,1,2
7,92662,198821,0,3,0,1,2
7,92662,204412,0,4,0,1,2
7,92663,184706,0,1,0,1,2
7,92663,193480,0,2,0,1,2
7,92663,200128,0,3,0,1,2
7,92663,204432,0,4,0,1,2
7,92664,184703,0,1,0,1,2
7,92664,193481,0,2,0,1,2
7,92664,200130,0,3,0,1,2
7,92664,204433,0,4,0,1,2
7,92664,209945,0,5,0,1,2
7,92664,215399,0,6,0,1,2
7,92664,226513,0,7,0,1,2
7,92665,184704,0,1,0,1,2
7,92665,193482,0,2,0,1,2
7,92665,200132,0,3,0,1,2
7,92665,204434,0,4,0,1,2
7,92666,184707,0,1,0,1,2
7,92666,193483,0,2,0,1,2
7,92666,200134,0,3,0,1,2
7,92666,204435,0,4,0,1,2
7,92667,184673,1,1,2,1,2
7,92667,193484,0,2,0,1,2
7,92667,200135,0,3,0,1,2
7,92667,204436,0,4,0,1,2
7,92668,184674,1,1,2,1,2
7,92668,194478,0,2,0,1,2
7,92668,200139,0,3,0,1,2
7,92668,204437,0,4,0,1,2
7,92669,184675,1,1,2,1,2
7,92669,193485,0,2,0,1,2
7,92669,200138,0,3,0,1,2
7,92669,204438,0,4,0,1,2
7,92670,184676,1,1,2,1,2
7,92670,193486,0,2,0,1,2
7,92670,200141,0,3,0,1,2
7,92670,204439,0,4,0,1,2
7,92670,209946,0,5,0,1,2
7,92670,215398,0,6,0,1,2
7,92670,226514,0,7,0,1,2
7,92671,184705,0,1,0,1,2
7,92671,190246,0,2,0,1,2
7,92671,198822,0,3,0,1,2
7,92671,204053,0,4,0,1,2
7,92671,209947,0,5,0,1,2
7,92671,215397,0,6,0,1,2
7,92671,226515,0,7,0,1,2
7,92672,184708,0,1,0,1,2
7,92672,190247,0,2,0,1,2
7,92672,198823,0,3,0,1,2
7,92672,204054,0,4,0,1,2
7,92673,184806,0,1,0,1,2
7,92673,193520,0,2,0,1,2
7,92673,198825,0,3,0,1,2
7,92673,204070,0,4,0,1,2
7,92675,184807,0,1,0,1,2
7,92675,193521,0,2,0,1,2
7,92675,198826,0,3,0,1,2
7,92675,204071,0,4,0,1,2
7,92675,211876,0,5,0,1,2
7,92675,215337,0,6,0,1,2
7,92675,226481,0,7,0,1,2
7,92676,184808,0,1,0,1,2
7,92676,193522,0,2,0,1,2
7,92676,198827,0,3,0,1,2
7,92676,204072,0,4,0,1,2
7,92676,209925,0,5,0,1,2
7,92676,215338,0,6,0,1,2
7,92676,226482,0,7,0,1,2
7,92677,185928,0,1,0,1,2
7,92677,193523,0,2,0,1,2
7,92677,198828,0,3,0,1,2
7,92677,204073,0,4,0,1,2
7,92677,209926,0,5,0,1,2
7,92677,215339,0,6,0,1,2
7,92677,226483,0,7,0,1,2
7,92678,184810,0,1,0,1,2
7,92678,194452,0,2,0,1,2
7,92678,198829,0,3,0,1,2
7,92678,204074,0,4,0,1,2
7,92678,209927,0,5,0,1,2
7,92678,215340,0,6,0,1,2
7,92678,226484,0,7,0,1,2
7,92679,185929,0,1,0,1,2
7,92679,193525,0,2,0,1,2
7,92679,198830,0,3,0,1,2
7,92679,204075,0,4,0,1,2
7,92679,209928,0,5,0,1,2
7,92679,215341,0,6,0,1,2
7,92679,226485,0,7,0,1,2
7,92680,185930,0,1,0,1,2
7,92680,193528,0,2,0,1,2
7,92680,198831,0,3,0,1,2
7,92680,204076,0,4,0,1,2
7,92680,209929,0,5,0,1,2
7,92680,215342,0,6,0,1,2
7,92680,226486,0,7,0,1,2
7,92681,184811,0,1,0,1,2
7,92681,193526,0,2,0,1,2
7,92681,198832,0,3,0,1,2
7,92681,204080,0,4,0,1,2
7,92681,209930,0,5,0,1,2
7,92681,215343,0,6,0,1,2
7,92681,226487,0,7,0,1,2
7,92682,187748,0,1,0,1,2
7,92682,193527,0,2,0,1,2
7,92682,198833,0,3,0,1,2
7,92682,204079,0,4,0,1,2
7,92682,209931,0,5,0,1,2
7,92682,215344,0,6,0,1,2
7,92682,226488,0,7,0,1,2
7,92683,187746,1,1,2,1,2
7,92683,194453,0,2,0,1,2
7,92683,198834,0,3,0,1,2
7,92683,204078,0,4,0,1,2
7,92683,209932,0,5,0,1,2
7,92683,215828,0,6,0,1,2
7,92683,226489,0,7,0,1,2
7,92684,184817,0,1,0,1,2
7,92684,187747,1,2,4,1,2
7,92684,194455,0,3,0,1,2
7,92684,194457,1,4,16,1,2
7,92684,198835,0,5,0,1,2
7,92684,204077,0,6,0,1,2
7,92684,204083,1,7,128,1,2
7,92684,209938,0,8,0,1,2
7,92684,215351,0,9,0,1,2
7,92684,226497,0,10,0,1,2
7,92685,184812,0,1,0,1,2
7,92685,194458,0,2,0,1,2
7,92685,198836,0,3,0,1,2
7,92685,204082,0,4,0,1,2
7,92685,209934,0,5,0,1,2
7,92685,215346,0,6,0,1,2
7,92685,226492,0,7,0,1,2
7,92686,184813,0,1,0,1,2
7,92686,194459,0,2,0,1,2
7,92686,198837,0,3,0,1,2
7,92686,204085,0,4,0,1,2
7,92686,209935,0,5,0,1,2
7,92686,215347,0,6,0,1,2
7,92686,226493,0,7,0,1,2
7,92687,184814,0,1,0,1,2
7,92687,194460,0,2,0,1,2
7,92687,198838,0,3,0,1,2
7,92687,204084,0,4,0,1,2
7,92687,209936,0,5,0,1,2
7,92687,215348,0,6,0,1,2
7,92687,226494,0,7,0,1,2
7,92688,184815,0,1,0,1,2
7,92688,194461,0,2,0,1,2
7,92688,199883,0,3,0,1,2
7,92688,204086,0,4,0,1,2
7,92688,209937,0,5,0,1,2
7,92688,215349,0,6,0,1,2
7,92688,226495,0,7,0,1,2
7,92689,187749,0,1,0,1,2
7,92689,194462,0,2,0,1,2
7,92689,200493,0,3,0,1,2
7,92689,206348,0,4,0,1,2
7,92689,210006,0,5,0,1,2
7,92689,215350,0,6,0,1,2
7,92689,226496,0,7,0,1,2
7,92690,187750,1,1,2,1,2
7,92690,194456,1,2,4,1,2
7,92690,206324,1,3,8,1,2
7,92691,185921,0,1,0,1,2
7,92691,190281,0,2,0,1,2
7,92691,200400,1,3,8,1,2
7,92691,206340,0,4,0,1,2
7,92691,211931,0,5,0,1,2
7,92691,215318,0,6,0,1,2
7,92691,226433,0,7,0,1,2
7,92692,185922,0,1,0,1,2
7,92692,190282,0,2,0,1,2
7,92692,200402,1,3,8,1,2
7,92692,206341,0,4,0,1,2
7,92692,211932,0,5,0,1,2
7,92692,215319,0,6,0,1,2
7,92692,226434,0,7,0,1,2
7,92693,184799,0,1,0,1,2
7,92693,190284,0,2,0,1,2
7,92693,200404,1,3,8,1,2
7,92693,204068,0,4,0,1,2
7,92693,211933,0,5,0,1,2
7,92693,215320,0,6,0,1,2
7,92693,226435,0,7,0,1,2
7,92694,185923,0,1,0,1,2
7,92694,194466,0,2,0,1,2
7,92694,200405,0,3,0,1,2
7,92694,204427,0,4,0,1,2
7,92694,211934,0,5,0,1,2
7,92694,215323,0,6,0,1,2
7,92694,226437,0,7,0,1,2
7,92695,185924,0,1,0,1,2
7,92695,194467,0,2,0,1,2
7,92695,200406,0,3,0,1,2
7,92695,204428,0,4,0,1,2
7,92696,185925,0,1,0,1,2
7,92696,190285,0,2,0,1,2
7,92696,197183,0,3,0,1,2
7,92696,204067,0,4,0,1,2
7,92696,211935,0,5,0,1,2
7,92696,215324,0,6,0,1,2
7,92696,226438,0,7,0,1,2
7,92697,185927,0,1,0,1,2
7,92697,190290,0,2,0,1,2
7,92697,197184,0,3,0,1,2
7,92697,204064,0,4,0,1,2
7,92698,187202,0,1,0,1,2
7,92698,190289,0,2,0,1,2
7,92698,200522,1,3,8,1,2
7,92698,206344,1,4,16,1,2
7,92698,211936,0,5,0,1,2
7,92698,215820,1,6,64,1,2
7,92698,226440,0,7,0,1,2
7,92699,187203,0,1,0,1,2
7,92699,190288,0,2,0,1,2
7,92699,200524,1,3,8,1,2
7,92699,206345,1,4,16,1,2
7,92699,211937,0,5,0,1,2
7,92699,215821,1,6,64,1,2
7,92699,226441,0,7,0,1,2
7,92700,184800,0,1,0,1,2
7,92700,190287,0,2,0,1,2
7,92700,200425,0,3,0,1,2
7,92700,206342,0,4,0,1,2
7,92701,184802,0,1,0,1,2
7,92701,190286,0,2,0,1,2
7,92701,200424,0,3,0,1,2
7,92701,206343,0,4,0,1,2
7,92701,211938,0,5,0,1,2
7,92701,215325,0,6,0,1,2
7,92701,226442,0,7,0,1,2
7,92702,184803,0,1,0,1,2
7,92702,190283,0,2,0,1,2
7,92702,197185,0,3,0,1,2
7,92702,204057,0,4,0,1,2
7,92702,211939,0,5,0,1,2
7,92702,215326,0,6,0,1,2
7,92702,226443,0,7,0,1,2
7,92703,184805,0,1,0,1,2
7,92703,190291,0,2,0,1,2
7,92703,197186,0,3,0,1,2
7,92703,204058,0,4,0,1,2
7,92704,184804,0,1,0,1,2
7,92704,190293,0,2,0,1,2
7,92704,197187,0,3,0,1,2
7,92704,204059,0,4,0,1,2
7,92705,184801,0,1,0,1,2
7,92705,190294,0,2,0,1,2
7,92705,197188,0,3,0,1,2
7,92705,204060,0,4,0,1,2
7,92706,187204,0,1,0,1,2
7,92706,194464,1,2,4,1,2
7,92706,200433,0,3,0,1,2
7,92706,204061,0,4,0,1,2
7,92706,211941,0,5,0,1,2
7,92706,215327,0,6,0,1,2
7,92706,226445,0,7,0,1,2
7,92707,185926,0,1,0,1,2
7,92707,190296,0,2,0,1,2
7,92707,200407,0,3,0,1,2
7,92707,204062,0,4,0,1,2
7,92707,211940,0,5,0,1,2
7,92707,215328,0,6,0,1,2
7,92707,226446,0,7,0,1,2
7,92708,184809,0,1,0,1,2
7,92708,193524,0,2,0,1,2
7,92708,200526,0,3,0,1,2
7,92708,206347,0,4,0,1,2
7,92708,209933,0,5,0,1,2
7,92708,215345,0,6,0,1,2
7,92708,226490,0,7,0,1,2
13,93048,184709,0,1,0,1,3
13,93048,190252,0,2,0,1,3
13,93048,198766,0,3,0,1,3
13,93048,205478,0,4,0,1,3
13,93048,209916,0,5,0,1,3
13,93048,215356,0,6,0,1,3
13,93048,226499,0,7,0,1,3
13,93049,184710,0,1,0,1,3
13,93049,190253,0,2,0,1,3
13,93049,198767,0,3,0,1,3
13,93049,205479,0,4,0,1,3
13,93050,184711,0,1,0,1,3
13,93050,190254,0,2,0,1,3
13,93050,198768,0,3,0,1,3
13,93050,205480,0,4,0,1,3
13,93051,184712,0,1,0,1,3
13,93051,190271,0,2,0,1,3
13,93051,198769,0,3,0,1,3
13,93051,205481,0,4,0,1,3
13,93051,226704,0,5,0,1,3
13,93052,187369,0,1,0,1,3
13,93052,194470,0,2,0,1,3
13,93052,200149,0,3,0,1,3
13,93052,205482,0,4,0,1,3
13,93053,184713,0,1,0,1,3
13,93053,190255,0,2,0,1,3
13,93053,198770,0,3,0,1,3
13,93053,205483,0,4,0,1,3
13,93054,184716,0,1,0,1,3
13,93054,190256,0,2,0,1,3
13,93054,198771,0,3,0,1,3
13,93054,205484,0,4,0,1,3
13,93055,184715,0,1,0,1,3
13,93055,190257,0,2,0,1,3
13,93055,198772,0,3,0,1,3
13,93055,205485,0,4,0,1,3
13,93056,184714,0,1,0,1,3
13,93056,190258,0,2,0,1,3
13,93056,198773,0,3,0,1,3
13,93056,205486,0,4,0,1,3
13,93057,187370,0,1,0,1,3
13,93057,190259,0,2,0,1,3
13,93057,198774,0,3,0,1,3
13,93057,205487,0,4,0,1,3
13,93058,187371,0,1,0,1,3
13,93058,190279,0,2,0,1,3
13,93058,198775,0,3,0,1,3
13,93058,205488,0,4,0,1,3
13,93059,187756,0,1,0,1,3
13,93059,190278,0,2,0,1,3
13,93059,198776,0,3,0,1,3
13,93059,205489,0,4,0,1,3
13,93060,184717,0,1,0,1,3
13,93060,190260,0,2,0,1,3
13,93060,198777,0,3,0,1,3
13,93060,205490,0,4,0,1,3
13,93061,187372,0,1,0,1,3
13,93061,190261,0,2,0,1,3
13,93061,198778,0,3,0,1,3
13,93061,205491,0,4,0,1,3
13,93062,187375,0,1,0,1,3
13,93062,194472,0,2,0,1,3
13,93062,200150,0,3,0,1,3
13,93062,205492,0,4,0,1,3
13,93062,209917,0,5,0,1,3
13,93062,215357,0,6,0,1,3
13,93062,226500,0,7,0,1,3
13,93063,187374,0,1,0,1,3
13,93063,190262,0,2,0,1,3
13,93063,198779,0,3,0,1,3
13,93063,205493,0,4,0,1,3
13,93064,187373,0,1,0,1,3
13,93064,190276,0,2,0,1,3
13,93064,198780,0,3,0,1,3
13,93064,205494,0,4,0,1,3
13,93064,209918,0,5,0,1,3
13,93064,215359,0,6,0,1,3
13,93064,226501,0,7,0,1,3
13,93065,190277,0,1,0,1,3
13,93065,198781,0,2,0,1,3
13,93065,205495,0,3,0,1,3
13,93066,184718,0,1,0,1,3
13,93066,190263,0,2,0,1,3
13,93066,198782,0,3,0,1,3
13,93066,205496,0,4,0,1,3
13,93067,187376,0,1,0,1,3
13,93067,190264,0,2,0,1,3
13,93067,198783,0,3,0,1,3
13,93067,205497,0,4,0,1,3
13,93068,184719,0,1,0,1,3
13,93068,194473,0,2,0,1,3
13,93068,200151,0,3,0,1,3
13,93068,205498,0,4,0,1,3
13,93068,209919,0,5,0,1,3
13,93068,215360,0,6,0,1,3
13,93068,226502,0,7,0,1,3
13,93069,184720,0,1,0,1,3
13,93069,194474,0,2,0,1,3
13,93069,200152,0,3,0,1,3
13,93069,205499,0,4,0,1,3
13,93069,209920,0,5,0,1,3
13,93069,215361,0,6,0,1,3
13,93069,226503,0,7,0,1,3
13,93070,184722,0,1,0,1,3
13,93070,190265,0,2,0,1,3
13,93070,198784,0,3,0,1,3
13,93070,205500,0,4,0,1,3
13,93071,184721,0,1,0,1,3
13,93071,194475,0,2,0,1,3
13,93071,198785,0,3,0,1,3
13,93071,205501,0,4,0,1,3
13,93072,184723,0,1,0,1,3
13,93072,190272,0,2,0,1,3
13,93072,198786,0,3,0,1,3
13,93072,205502,0,4,0,1,3
13,93073,184724,0,1,0,1,3
13,93073,190266,0,2,0,1,3
13,93073,198787,0,3,0,1,3
13,93073,205503,0,4,0,1,3
13,93074,184725,0,1,0,1,3
13,93074,190267,0,2,0,1,3
13,93074,198788,0,3,0,1,3
13,93074,205504,0,4,0,1,3
13,93075,187377,0,1,0,1,3
13,93075,190269,0,2,0,1,3
13,93075,198789,0,3,0,1,3
13,93075,205505,0,4,0,1,3
13,93076,184726,0,1,0,1,3
13,93076,190270,0,2,0,1,3
13,93076,198790,0,3,0,1,3
13,93076,205506,0,4,0,1,3
13,93077,190273,0,1,0,1,3
13,93077,198791,0,2,0,1,3
13,93077,205507,0,3,0,1,3
13,93078,187378,0,1,0,1,3
13,93078,190274,0,2,0,1,3
13,93078,198792,0,3,0,1,3
13,93078,205508,0,4,0,1,3
13,93078,209922,0,5,0,1,3
13,93078,215824,0,6,0,1,3
13,93078,226504,0,7,0,1,3
13,93079,190275,0,1,0,1,3
13,93079,198793,0,2,0,1,3
13,93079,205509,0,3,0,1,3
13,93079,209923,0,4,0,1,3
13,93079,215825,0,5,0,1,3
13,93079,226505,0,6,0,1,3
14,93291,185938,0,1,0,1,3
14,93291,190415,0,2,0,1,3
14,93291,197278,0,3,0,1,3
14,93291,204362,0,4,0,1,3
14,93292,185939,0,1,0,1,3
14,93292,190416,0,2,0,1,3
14,93292,197279,0,3,0,1,3
14,93292,204363,0,4,0,1,3
14,93293,185947,0,1,0,1,3
14,93293,190418,0,2,0,1,3
14,93293,197280,0,3,0,1,3
14,93293,204364,0,4,0,1,3
14,93293,209948,0,5,0,1,3
14,93293,215306,0,6,0,1,3
14,93293,226410,0,7,0,1,3
14,93294,185948,0,1,0,1,3
14,93294,190419,0,2,0,1,3
14,93294,197281,0,3,0,1,3
14,93294,204365,0,4,0,1,3
14,93295,185949,0,1,0,1,3
14,93295,190424,0,2,0,1,3
14,93295,197282,0,3,0,1,3
14,93295,204366,0,4,0,1,3
14,93295,209949,0,5,0,1,3
14,93295,215307,0,6,0,1,3
14,93295,226411,0,7,0,1,3
14,93296,185950,0,1,0,1,3
14,93296,190423,0,2,0,1,3
14,93296,197283,0,3,0,1,3
14,93296,204368,0,4,0,1,3
14,93297,185941,0,1,0,1,3
14,93297,190422,0,2,0,1,3
14,93297,197284,0,3,0,1,3
14,93297,204369,0,4,0,1,3
14,93297,209950,0,5,0,1,3
14,93297,215308,0,6,0,1,3
14,93297,226412,0,7,0,1,3
14,93298,185942,0,1,0,1,3
14,93298,190421,0,2,0,1,3
14,93298,197277,0,3,0,1,3
14,93298,204377,0,4,0,1,3
14,93299,185943,0,1,0,1,3
14,93299,194446,0,2,0,1,3
14,93299,200813,0,3,0,1,3
14,93299,204376,0,4,0,1,3
14,93299,209951,0,5,0,1,3
14,93299,212052,0,6,0,1,3
14,93299,215309,0,7,0,1,3
14,93299,226413,0,8,0,1,3
14,93300,185944,0,1,0,1,3
14,93300,190425,0,2,0,1,3
14,93300,197285,0,3,0,1,3
14,93300,204375,0,4,0,1,3
14,93301,185945,0,1,0,1,3
14,93301,190426,0,2,0,1,3
14,93301,197286,0,3,0,1,3
14,93301,204374,0,4,0,1,3
14,93302,185946,0,1,0,1,3
14,93302,190427,0,2,0,1,3
14,93302,200815,0,3,0,1,3
14,93302,204372,0,4,0,1,3
14,93303,185951,0,1,0,1,3
14,93303,190428,0,2,0,1,3
14,93303,201628,0,3,0,1,3
14,93303,204371,0,4,0,1,3
14,93303,209952,0,5,0,1,3
14,93303,215310,0,6,0,1,3
14,93303,226414,0,7,0,1,3
14,93304,187752,0,1,0,1,3
14,93304,190429,0,2,0,1,3
14,93304,200814,0,3,0,1,3
14,93304,204370,0,4,0,1,3
14,93305,187753,1,1,2,1,3
14,93305,194440,1,2,4,1,3
14,93305,201627,0,3,0,1,3
14,93305,206323,1,4,16,1,3
14,93306,185952,0,1,0,1,3
14,93306,190430,0,2,0,1,3
14,93306,200798,0,3,0,1,3
14,93306,204378,0,4,0,1,3
14,93306,210038,0,5,0,1,3
14,93306,215311,0,6,0,1,3
14,93306,226416,0,7,0,1,3
14,93307,185953,0,1,0,1,3
14,93307,194442,0,2,0,1,3
14,93307,200799,0,3,0,1,3
14,93307,204379,0,4,0,1,3
14,93308,185954,0,1,0,1,3
14,93308,194445,0,2,0,1,3
14,93308,200800,0,3,0,1,3
14,93308,204380,0,4,0,1,3
2,100280,201541,0,1,0,3,3
2,100281,201530,0,1,0,3,3
2,100282,201539,0,1,0,3,3
2,100283,201538,1,1,2,3,3
2,100284,201535,0,1,0,3,3
2,100285,200923,1,1,2,3,3
2,100286,200932,1,1,2,3,3
2,100287,200933,0,1,0,3,3
2,100288,200934,1,1,2,3,3
2,100289,200935,1,1,2,3,3
2,100290,200937,1,1,2,3,3
2,100291,201537,0,1,0,3,3
5,100300,201646,0,1,0,2,3
5,100301,201640,0,1,0,2,3
5,100302,201649,1,1,2,2,3
5,100303,201654,0,1,0,2,3
5,100304,201658,0,1,0,2,3
5,100305,201637,1,1,2,2,3
5,100306,201651,0,1,0,2,3
5,100307,201653,0,1,0,2,3
5,100308,201638,1,1,2,2,3
5,100309,201660,1,1,2,2,3
5,100310,201661,1,1,2,2,3
5,100311,201659,0,1,0,2,3
5,100312,201639,0,1,0,2,3
5,100313,201642,0,1,0,2,3
5,100314,201644,0,1,0,2,3
5,100315,201647,0,1,0,2,3
5,100316,201650,0,1,0,2,3
5,100317,201655,0,1,0,2,3
5,100318,201641,0,1,0,2,3
5,100319,201643,0,1,0,2,3
5,100320,201645,0,1,0,2,3
5,100321,201648,0,1,0,2,3
5,100322,201652,0,1,0,2,3
5,100323,201656,0,1,0,2,3
5,100324,201657,0,1,0,2,3
