Actual,RegWt,ModuleQuality,ModuleCriticality,ReqId,TestId,RunCycle,Prediction
1.0,2.0,2.0,2.0,4.0,16183.0,1.0,1.0
0.0,0.0,2.0,2.0,4.0,16183.0,2.0,0.0
0.0,0.0,2.0,2.0,4.0,16183.0,3.0,0.0
0.0,0.0,2.0,2.0,4.0,16183.0,4.0,0.0
0.0,0.0,2.0,2.0,4.0,16183.0,5.0,0.0
0.0,0.0,2.0,2.0,4.0,16183.0,6.0,0.0
0.0,0.0,2.0,2.0,4.0,16183.0,7.0,0.0
0.0,0.0,2.0,2.0,4.0,16184.0,1.0,0.0
0.0,0.0,2.0,2.0,4.0,16184.0,2.0,0.0
0.0,0.0,2.0,2.0,4.0,16184.0,3.0,0.0
0.0,0.0,2.0,2.0,4.0,16184.0,4.0,0.0
0.0,0.0,2.0,2.0,4.0,16184.0,5.0,0.0
0.0,0.0,2.0,2.0,4.0,16184.0,6.0,0.0
0.0,0.0,2.0,2.0,4.0,16184.0,7.0,0.0
0.0,0.0,2.0,2.0,4.0,16185.0,1.0,0.0
0.0,0.0,2.0,2.0,4.0,16185.0,2.0,0.0
0.0,0.0,2.0,2.0,4.0,16185.0,3.0,0.0
0.0,0.0,2.0,2.0,4.0,16185.0,4.0,0.0
0.0,0.0,2.0,2.0,4.0,16185.0,5.0,0.0
0.0,0.0,2.0,2.0,4.0,16185.0,6.0,0.0
0.0,0.0,2.0,2.0,4.0,16185.0,7.0,0.0
0.0,0.0,2.0,2.0,4.0,16186.0,1.0,0.0
0.0,0.0,2.0,2.0,4.0,16186.0,2.0,0.0
0.0,0.0,2.0,2.0,4.0,16186.0,3.0,0.0
0.0,0.0,2.0,2.0,4.0,16186.0,4.0,0.0
0.0,0.0,2.0,2.0,4.0,16186.0,5.0,0.0
0.0,0.0,2.0,2.0,4.0,16186.0,6.0,0.0
0.0,0.0,2.0,2.0,4.0,16186.0,7.0,0.0
0.0,0.0,2.0,2.0,4.0,16187.0,1.0,0.0
0.0,0.0,2.0,2.0,4.0,16187.0,2.0,0.0
0.0,0.0,2.0,2.0,4.0,16187.0,3.0,0.0
0.0,0.0,2.0,2.0,4.0,16187.0,4.0,0.0
0.0,0.0,2.0,2.0,4.0,16187.0,5.0,0.0
0.0,0.0,2.0,2.0,4.0,16187.0,6.0,0.0
0.0,0.0,2.0,2.0,4.0,16187.0,7.0,0.0
0.0,0.0,2.0,2.0,4.0,16188.0,1.0,0.0
0.0,0.0,2.0,2.0,4.0,16188.0,2.0,0.0
0.0,0.0,2.0,2.0,4.0,16188.0,3.0,0.0
0.0,0.0,2.0,2.0,4.0,16188.0,4.0,0.0
0.0,0.0,2.0,2.0,4.0,16188.0,5.0,0.0
0.0,0.0,2.0,2.0,4.0,16188.0,6.0,0.0
0.0,0.0,2.0,2.0,4.0,16188.0,7.0,0.0
0.0,0.0,2.0,2.0,4.0,16189.0,1.0,0.0
0.0,0.0,2.0,2.0,4.0,16189.0,2.0,0.0
0.0,0.0,2.0,2.0,4.0,16189.0,3.0,0.0
0.0,0.0,2.0,2.0,4.0,16189.0,4.0,0.0
1.0,32.0,2.0,2.0,4.0,16189.0,5.0,1.0
1.0,64.0,2.0,2.0,4.0,16189.0,6.0,1.0
1.0,128.0,2.0,2.0,4.0,16189.0,7.0,1.0
1.0,2.0,2.0,2.0,4.0,16190.0,1.0,1.0
0.0,0.0,2.0,2.0,4.0,16190.0,2.0,0.0
0.0,0.0,2.0,2.0,4.0,16190.0,3.0,0.0
0.0,0.0,2.0,2.0,4.0,16190.0,4.0,0.0
0.0,0.0,2.0,2.0,4.0,16190.0,5.0,0.0
0.0,0.0,2.0,2.0,4.0,16190.0,6.0,0.0
0.0,0.0,2.0,2.0,4.0,16190.0,7.0,0.0
1.0,2.0,2.0,2.0,4.0,16191.0,1.0,1.0
0.0,0.0,2.0,2.0,4.0,16191.0,2.0,0.0
0.0,0.0,2.0,2.0,4.0,16191.0,3.0,0.0
0.0,0.0,2.0,2.0,4.0,16191.0,4.0,0.0
0.0,0.0,2.0,2.0,4.0,16191.0,5.0,0.0
0.0,0.0,2.0,2.0,4.0,16191.0,6.0,0.0
0.0,0.0,2.0,2.0,4.0,16191.0,7.0,0.0
1.0,2.0,2.0,2.0,4.0,16192.0,1.0,1.0
0.0,0.0,2.0,2.0,4.0,16192.0,2.0,0.0
0.0,0.0,2.0,2.0,4.0,16192.0,3.0,0.0
0.0,0.0,2.0,2.0,4.0,16192.0,4.0,0.0
0.0,0.0,2.0,2.0,4.0,16192.0,5.0,0.0
0.0,0.0,2.0,2.0,4.0,16192.0,6.0,0.0
0.0,0.0,2.0,2.0,4.0,16192.0,7.0,0.0
0.0,0.0,2.0,2.0,4.0,16193.0,1.0,0.0
0.0,0.0,2.0,2.0,4.0,16193.0,2.0,0.0
0.0,0.0,2.0,2.0,4.0,16193.0,3.0,0.0
0.0,0.0,2.0,2.0,4.0,16193.0,4.0,0.0
0.0,0.0,2.0,2.0,4.0,16193.0,5.0,0.0
0.0,0.0,2.0,2.0,4.0,16193.0,6.0,0.0
0.0,0.0,2.0,2.0,4.0,16193.0,7.0,0.0
1.0,2.0,2.0,2.0,4.0,16194.0,1.0,1.0
1.0,4.0,2.0,2.0,4.0,16194.0,2.0,1.0
1.0,8.0,2.0,2.0,4.0,16194.0,3.0,1.0
0.0,0.0,2.0,2.0,4.0,16194.0,4.0,0.0
0.0,0.0,2.0,2.0,4.0,16194.0,5.0,0.0
0.0,0.0,2.0,2.0,4.0,16194.0,6.0,0.0
0.0,0.0,2.0,2.0,4.0,16194.0,7.0,0.0
1.0,2.0,2.0,2.0,4.0,16195.0,1.0,1.0
0.0,0.0,2.0,2.0,4.0,16195.0,2.0,0.0
0.0,0.0,2.0,2.0,4.0,16195.0,3.0,0.0
0.0,0.0,2.0,2.0,4.0,16195.0,4.0,0.0
0.0,0.0,2.0,2.0,4.0,16195.0,5.0,0.0
0.0,0.0,2.0,2.0,4.0,16195.0,6.0,0.0
0.0,0.0,2.0,2.0,4.0,16195.0,7.0,0.0
1.0,2.0,2.0,2.0,4.0,16196.0,1.0,1.0
1.0,4.0,2.0,2.0,4.0,16196.0,2.0,1.0
0.0,0.0,2.0,2.0,4.0,16196.0,3.0,0.0
0.0,0.0,2.0,2.0,4.0,16196.0,4.0,0.0
1.0,32.0,2.0,2.0,4.0,16196.0,5.0,1.0
1.0,64.0,2.0,2.0,4.0,16196.0,6.0,1.0
1.0,128.0,2.0,2.0,4.0,16196.0,7.0,1.0
1.0,2.0,2.0,2.0,4.0,16197.0,1.0,1.0
1.0,4.0,2.0,2.0,4.0,16197.0,2.0,1.0
1.0,8.0,2.0,2.0,4.0,16197.0,3.0,1.0
0.0,0.0,2.0,2.0,4.0,16197.0,4.0,0.0
0.0,0.0,2.0,2.0,4.0,16197.0,5.0,0.0
0.0,0.0,2.0,2.0,4.0,16197.0,6.0,0.0
0.0,0.0,2.0,2.0,4.0,16197.0,7.0,0.0
1.0,256.0,2.0,2.0,4.0,16197.0,8.0,1.0
1.0,2.0,2.0,2.0,4.0,16198.0,1.0,1.0
0.0,0.0,2.0,2.0,4.0,16198.0,2.0,0.0
0.0,0.0,2.0,2.0,4.0,16198.0,3.0,0.0
0.0,0.0,2.0,2.0,4.0,16198.0,4.0,0.0
0.0,0.0,2.0,2.0,4.0,16198.0,5.0,0.0
0.0,0.0,2.0,2.0,4.0,16198.0,6.0,0.0
0.0,0.0,2.0,2.0,4.0,16198.0,7.0,0.0
0.0,0.0,2.0,2.0,4.0,16199.0,1.0,0.0
0.0,0.0,2.0,2.0,4.0,16199.0,2.0,0.0
0.0,0.0,2.0,2.0,4.0,16199.0,3.0,0.0
0.0,0.0,2.0,2.0,4.0,16199.0,4.0,0.0
0.0,0.0,2.0,2.0,4.0,16199.0,5.0,0.0
0.0,0.0,2.0,2.0,4.0,16199.0,6.0,0.0
0.0,0.0,2.0,2.0,4.0,16199.0,7.0,0.0
0.0,0.0,2.0,2.0,4.0,16200.0,1.0,0.0
0.0,0.0,2.0,2.0,4.0,16200.0,2.0,0.0
0.0,0.0,2.0,2.0,4.0,16200.0,3.0,0.0
0.0,0.0,2.0,2.0,4.0,16200.0,4.0,0.0
0.0,0.0,2.0,2.0,4.0,16200.0,5.0,0.0
0.0,0.0,2.0,2.0,4.0,16200.0,6.0,0.0
0.0,0.0,2.0,2.0,4.0,16200.0,7.0,0.0
0.0,0.0,2.0,2.0,4.0,16201.0,1.0,0.0
0.0,0.0,2.0,2.0,4.0,16201.0,2.0,0.0
0.0,0.0,2.0,2.0,4.0,16201.0,3.0,0.0
0.0,0.0,2.0,2.0,4.0,16201.0,4.0,0.0
0.0,0.0,2.0,2.0,4.0,16201.0,5.0,0.0
0.0,0.0,2.0,2.0,4.0,16201.0,6.0,0.0
0.0,0.0,2.0,2.0,4.0,16201.0,7.0,0.0
1.0,2.0,2.0,2.0,4.0,16202.0,1.0,1.0
1.0,4.0,2.0,2.0,4.0,16202.0,2.0,1.0
1.0,8.0,2.0,2.0,4.0,16202.0,3.0,1.0
0.0,0.0,2.0,2.0,4.0,16202.0,4.0,0.0
0.0,0.0,2.0,2.0,4.0,16202.0,5.0,0.0
0.0,0.0,2.0,2.0,4.0,16202.0,6.0,0.0
0.0,0.0,2.0,2.0,4.0,16202.0,7.0,0.0
0.0,0.0,2.0,2.0,4.0,16203.0,1.0,0.0
0.0,0.0,2.0,2.0,4.0,16203.0,2.0,0.0
0.0,0.0,2.0,2.0,4.0,16203.0,3.0,0.0
0.0,0.0,2.0,2.0,4.0,16203.0,4.0,0.0
0.0,0.0,2.0,2.0,4.0,16203.0,5.0,0.0
0.0,0.0,2.0,2.0,4.0,16203.0,6.0,0.0
0.0,0.0,2.0,2.0,4.0,16203.0,7.0,0.0
1.0,2.0,2.0,2.0,4.0,16204.0,1.0,1.0
1.0,4.0,2.0,2.0,4.0,16204.0,2.0,1.0
0.0,0.0,2.0,2.0,4.0,16204.0,3.0,0.0
0.0,0.0,2.0,2.0,4.0,16204.0,4.0,0.0
1.0,32.0,2.0,2.0,4.0,16204.0,5.0,1.0
1.0,64.0,2.0,2.0,4.0,16204.0,6.0,1.0
1.0,128.0,2.0,2.0,4.0,16204.0,7.0,1.0
1.0,2.0,2.0,2.0,4.0,16205.0,1.0,1.0
1.0,4.0,2.0,2.0,4.0,16205.0,2.0,1.0
1.0,8.0,2.0,2.0,4.0,16205.0,3.0,1.0
0.0,0.0,2.0,2.0,4.0,16205.0,4.0,0.0
0.0,0.0,2.0,2.0,4.0,16205.0,5.0,0.0
0.0,0.0,2.0,2.0,4.0,16205.0,6.0,0.0
1.0,128.0,2.0,2.0,4.0,16205.0,7.0,1.0
1.0,2.0,3.0,2.0,1.0,16211.0,1.0,1.0
1.0,4.0,3.0,2.0,1.0,16211.0,2.0,1.0
0.0,0.0,3.0,2.0,1.0,16211.0,3.0,0.0
0.0,0.0,3.0,2.0,1.0,16211.0,4.0,0.0
1.0,32.0,3.0,2.0,1.0,16211.0,5.0,1.0
1.0,64.0,3.0,2.0,1.0,16211.0,6.0,1.0
0.0,0.0,3.0,2.0,1.0,16211.0,7.0,0.0
1.0,256.0,3.0,2.0,1.0,16211.0,8.0,1.0
1.0,512.0,3.0,2.0,1.0,16211.0,9.0,1.0
1.0,1024.0,3.0,2.0,1.0,16211.0,10.0,1.0
0.0,0.0,3.0,2.0,1.0,16213.0,1.0,0.0
0.0,0.0,3.0,2.0,1.0,16213.0,2.0,0.0
0.0,0.0,3.0,2.0,1.0,16213.0,3.0,0.0
0.0,0.0,3.0,2.0,1.0,16213.0,4.0,0.0
0.0,0.0,3.0,2.0,1.0,16213.0,5.0,0.0
0.0,0.0,3.0,2.0,1.0,16213.0,6.0,0.0
0.0,0.0,3.0,2.0,1.0,16213.0,7.0,0.0
1.0,2.0,3.0,2.0,1.0,16214.0,1.0,1.0
1.0,4.0,3.0,2.0,1.0,16214.0,2.0,1.0
1.0,8.0,3.0,2.0,1.0,16214.0,3.0,1.0
1.0,16.0,3.0,2.0,1.0,16214.0,4.0,1.0
1.0,32.0,3.0,2.0,1.0,16214.0,5.0,1.0
1.0,64.0,3.0,2.0,1.0,16214.0,6.0,1.0
1.0,128.0,3.0,2.0,1.0,16214.0,7.0,1.0
1.0,2.0,3.0,2.0,1.0,16215.0,1.0,1.0
1.0,4.0,3.0,2.0,1.0,16215.0,2.0,1.0
1.0,8.0,3.0,2.0,1.0,16215.0,3.0,1.0
1.0,16.0,3.0,2.0,1.0,16215.0,4.0,1.0
1.0,32.0,3.0,2.0,1.0,16215.0,5.0,1.0
1.0,64.0,3.0,2.0,1.0,16215.0,6.0,1.0
1.0,128.0,3.0,2.0,1.0,16215.0,7.0,1.0
1.0,2.0,3.0,2.0,3.0,16227.0,1.0,1.0
0.0,0.0,3.0,2.0,3.0,16227.0,2.0,0.0
0.0,0.0,3.0,2.0,3.0,16227.0,3.0,0.0
0.0,0.0,3.0,2.0,3.0,16227.0,4.0,0.0
0.0,0.0,3.0,2.0,3.0,16227.0,5.0,0.0
0.0,0.0,3.0,2.0,3.0,16227.0,6.0,0.0
0.0,0.0,3.0,2.0,3.0,16227.0,7.0,0.0
0.0,0.0,3.0,2.0,3.0,16228.0,1.0,0.0
0.0,0.0,3.0,2.0,3.0,16228.0,2.0,0.0
0.0,0.0,3.0,2.0,3.0,16228.0,3.0,0.0
0.0,0.0,3.0,2.0,3.0,16228.0,4.0,0.0
1.0,32.0,3.0,2.0,3.0,16228.0,5.0,1.0
0.0,0.0,3.0,2.0,3.0,16228.0,6.0,0.0
0.0,0.0,3.0,2.0,3.0,16228.0,7.0,0.0
0.0,0.0,3.0,2.0,3.0,16228.0,8.0,0.0
0.0,0.0,3.0,2.0,3.0,16228.0,9.0,0.0
0.0,0.0,3.0,2.0,3.0,16229.0,1.0,0.0
0.0,0.0,3.0,2.0,3.0,16229.0,2.0,0.0
0.0,0.0,3.0,2.0,3.0,16229.0,3.0,0.0
0.0,0.0,3.0,2.0,3.0,16229.0,4.0,0.0
0.0,0.0,3.0,2.0,3.0,16229.0,5.0,0.0
0.0,0.0,3.0,2.0,3.0,16229.0,6.0,0.0
0.0,0.0,3.0,2.0,3.0,16229.0,7.0,0.0
0.0,0.0,3.0,2.0,3.0,16230.0,1.0,0.0
0.0,0.0,3.0,2.0,3.0,16230.0,2.0,0.0
0.0,0.0,3.0,2.0,3.0,16230.0,3.0,0.0
0.0,0.0,3.0,2.0,3.0,16230.0,4.0,0.0
0.0,0.0,3.0,2.0,3.0,16230.0,5.0,0.0
0.0,0.0,3.0,2.0,3.0,16230.0,6.0,0.0
0.0,0.0,3.0,2.0,3.0,16230.0,7.0,0.0
0.0,0.0,3.0,2.0,3.0,16231.0,1.0,0.0
0.0,0.0,3.0,2.0,3.0,16231.0,2.0,0.0
0.0,0.0,3.0,2.0,3.0,16231.0,3.0,0.0
0.0,0.0,3.0,2.0,3.0,16231.0,4.0,0.0
0.0,0.0,3.0,2.0,3.0,16231.0,5.0,0.0
0.0,0.0,3.0,2.0,3.0,16231.0,6.0,0.0
0.0,0.0,3.0,2.0,3.0,16231.0,7.0,0.0
0.0,0.0,3.0,2.0,3.0,16232.0,1.0,0.0
0.0,0.0,3.0,2.0,3.0,16232.0,2.0,0.0
0.0,0.0,3.0,2.0,3.0,16232.0,3.0,0.0
0.0,0.0,3.0,2.0,3.0,16232.0,4.0,0.0
0.0,0.0,3.0,2.0,3.0,16232.0,5.0,0.0
0.0,0.0,3.0,2.0,3.0,16232.0,6.0,0.0
0.0,0.0,3.0,2.0,3.0,16232.0,7.0,0.0
0.0,0.0,3.0,2.0,3.0,16233.0,1.0,0.0
0.0,0.0,3.0,2.0,3.0,16233.0,2.0,0.0
0.0,0.0,3.0,2.0,3.0,16233.0,3.0,0.0
0.0,0.0,3.0,2.0,3.0,16233.0,4.0,0.0
1.0,32.0,3.0,2.0,3.0,16233.0,5.0,1.0
1.0,64.0,3.0,2.0,3.0,16233.0,6.0,1.0
1.0,128.0,3.0,2.0,3.0,16233.0,7.0,1.0
1.0,2.0,3.0,2.0,3.0,16234.0,1.0,1.0
0.0,0.0,3.0,2.0,3.0,16234.0,2.0,0.0
0.0,0.0,3.0,2.0,3.0,16234.0,3.0,0.0
0.0,0.0,3.0,2.0,3.0,16234.0,4.0,0.0
0.0,0.0,3.0,2.0,3.0,16234.0,5.0,0.0
0.0,0.0,3.0,2.0,3.0,16234.0,6.0,0.0
0.0,0.0,3.0,2.0,3.0,16234.0,7.0,0.0
1.0,2.0,3.0,2.0,3.0,16235.0,1.0,1.0
0.0,0.0,3.0,2.0,3.0,16235.0,2.0,0.0
0.0,0.0,3.0,2.0,3.0,16235.0,3.0,0.0
0.0,0.0,3.0,2.0,3.0,16235.0,4.0,0.0
0.0,0.0,3.0,2.0,3.0,16235.0,5.0,0.0
0.0,0.0,3.0,2.0,3.0,16235.0,6.0,0.0
0.0,0.0,3.0,2.0,3.0,16235.0,7.0,0.0
1.0,2.0,3.0,2.0,3.0,16236.0,1.0,1.0
0.0,0.0,3.0,2.0,3.0,16236.0,2.0,0.0
0.0,0.0,3.0,2.0,3.0,16236.0,3.0,0.0
0.0,0.0,3.0,2.0,3.0,16236.0,4.0,0.0
0.0,0.0,3.0,2.0,3.0,16236.0,5.0,0.0
0.0,0.0,3.0,2.0,3.0,16236.0,6.0,0.0
0.0,0.0,3.0,2.0,3.0,16236.0,7.0,0.0
0.0,0.0,3.0,2.0,3.0,16237.0,1.0,0.0
0.0,0.0,3.0,2.0,3.0,16237.0,2.0,0.0
0.0,0.0,3.0,2.0,3.0,16237.0,3.0,0.0
0.0,0.0,3.0,2.0,3.0,16237.0,4.0,0.0
0.0,0.0,3.0,2.0,3.0,16237.0,5.0,0.0
0.0,0.0,3.0,2.0,3.0,16237.0,6.0,0.0
0.0,0.0,3.0,2.0,3.0,16237.0,7.0,0.0
1.0,2.0,3.0,2.0,3.0,16238.0,1.0,1.0
1.0,4.0,3.0,2.0,3.0,16238.0,2.0,1.0
1.0,8.0,3.0,2.0,3.0,16238.0,3.0,1.0
0.0,0.0,3.0,2.0,3.0,16238.0,4.0,0.0
0.0,0.0,3.0,2.0,3.0,16238.0,5.0,0.0
0.0,0.0,3.0,2.0,3.0,16238.0,6.0,0.0
0.0,0.0,3.0,2.0,3.0,16238.0,7.0,0.0
1.0,2.0,3.0,2.0,3.0,16239.0,1.0,1.0
0.0,0.0,3.0,2.0,3.0,16239.0,2.0,0.0
0.0,0.0,3.0,2.0,3.0,16239.0,3.0,0.0
0.0,0.0,3.0,2.0,3.0,16239.0,4.0,0.0
0.0,0.0,3.0,2.0,3.0,16239.0,5.0,0.0
0.0,0.0,3.0,2.0,3.0,16239.0,6.0,0.0
0.0,0.0,3.0,2.0,3.0,16239.0,7.0,0.0
1.0,2.0,3.0,2.0,3.0,16240.0,1.0,1.0
1.0,4.0,3.0,2.0,3.0,16240.0,2.0,1.0
0.0,0.0,3.0,2.0,3.0,16240.0,3.0,0.0
0.0,0.0,3.0,2.0,3.0,16240.0,4.0,0.0
1.0,32.0,3.0,2.0,3.0,16240.0,5.0,1.0
1.0,64.0,3.0,2.0,3.0,16240.0,6.0,1.0
1.0,128.0,3.0,2.0,3.0,16240.0,7.0,1.0
1.0,2.0,3.0,2.0,3.0,16241.0,1.0,1.0
1.0,4.0,3.0,2.0,3.0,16241.0,2.0,1.0
1.0,8.0,3.0,2.0,3.0,16241.0,3.0,1.0
1.0,16.0,3.0,2.0,3.0,16241.0,4.0,1.0
0.0,0.0,3.0,2.0,3.0,16241.0,5.0,0.0
0.0,0.0,3.0,2.0,3.0,16241.0,6.0,0.0
1.0,128.0,3.0,2.0,3.0,16241.0,7.0,1.0
1.0,2.0,3.0,2.0,3.0,16242.0,1.0,1.0
1.0,4.0,3.0,2.0,3.0,16242.0,2.0,1.0
0.0,0.0,3.0,2.0,3.0,16242.0,3.0,0.0
0.0,0.0,3.0,2.0,3.0,16242.0,4.0,0.0
0.0,0.0,3.0,2.0,3.0,16242.0,5.0,0.0
1.0,64.0,3.0,2.0,3.0,16242.0,6.0,1.0
1.0,128.0,3.0,2.0,3.0,16242.0,7.0,1.0
1.0,256.0,3.0,2.0,3.0,16242.0,8.0,1.0
1.0,2.0,3.0,2.0,3.0,16243.0,1.0,1.0
0.0,0.0,3.0,2.0,3.0,16243.0,2.0,0.0
0.0,0.0,3.0,2.0,3.0,16243.0,3.0,0.0
0.0,0.0,3.0,2.0,3.0,16243.0,4.0,0.0
1.0,32.0,3.0,2.0,3.0,16243.0,5.0,1.0
1.0,64.0,3.0,2.0,3.0,16243.0,6.0,1.0
1.0,128.0,3.0,2.0,3.0,16243.0,7.0,1.0
1.0,2.0,3.0,2.0,3.0,16244.0,1.0,1.0
0.0,0.0,3.0,2.0,3.0,16244.0,2.0,0.0
0.0,0.0,3.0,2.0,3.0,16244.0,3.0,0.0
0.0,0.0,3.0,2.0,3.0,16244.0,4.0,0.0
1.0,32.0,3.0,2.0,3.0,16244.0,5.0,1.0
1.0,64.0,3.0,2.0,3.0,16244.0,6.0,1.0
1.0,128.0,3.0,2.0,3.0,16244.0,7.0,1.0
0.0,0.0,3.0,2.0,3.0,16245.0,1.0,0.0
0.0,0.0,3.0,2.0,3.0,16245.0,2.0,0.0
0.0,0.0,3.0,2.0,3.0,16245.0,3.0,0.0
0.0,0.0,3.0,2.0,3.0,16245.0,4.0,0.0
0.0,0.0,3.0,2.0,3.0,16245.0,5.0,0.0
0.0,0.0,3.0,2.0,3.0,16245.0,6.0,0.0
0.0,0.0,3.0,2.0,3.0,16245.0,7.0,0.0
1.0,2.0,3.0,2.0,3.0,16246.0,1.0,1.0
1.0,4.0,3.0,2.0,3.0,16246.0,2.0,1.0
1.0,8.0,3.0,2.0,3.0,16246.0,3.0,1.0
0.0,0.0,3.0,2.0,3.0,16246.0,4.0,0.0
0.0,0.0,3.0,2.0,3.0,16246.0,5.0,0.0
0.0,0.0,3.0,2.0,3.0,16246.0,6.0,0.0
0.0,0.0,3.0,2.0,3.0,16246.0,7.0,0.0
1.0,2.0,3.0,2.0,3.0,16247.0,1.0,1.0
0.0,0.0,3.0,2.0,3.0,16247.0,2.0,0.0
0.0,0.0,3.0,2.0,3.0,16247.0,3.0,0.0
0.0,0.0,3.0,2.0,3.0,16247.0,4.0,0.0
1.0,32.0,3.0,2.0,3.0,16247.0,5.0,1.0
1.0,64.0,3.0,2.0,3.0,16247.0,6.0,1.0
1.0,128.0,3.0,2.0,3.0,16247.0,7.0,1.0
1.0,2.0,3.0,2.0,3.0,16248.0,1.0,1.0
1.0,4.0,3.0,2.0,3.0,16248.0,2.0,1.0
0.0,0.0,3.0,2.0,3.0,16248.0,3.0,0.0
0.0,0.0,3.0,2.0,3.0,16248.0,4.0,0.0
1.0,32.0,3.0,2.0,3.0,16248.0,5.0,1.0
1.0,64.0,3.0,2.0,3.0,16248.0,6.0,1.0
1.0,128.0,3.0,2.0,3.0,16248.0,7.0,1.0
1.0,2.0,3.0,2.0,3.0,16249.0,1.0,1.0
1.0,4.0,3.0,2.0,3.0,16249.0,2.0,1.0
1.0,8.0,3.0,2.0,3.0,16249.0,3.0,1.0
0.0,0.0,3.0,2.0,3.0,16249.0,4.0,0.0
0.0,0.0,3.0,2.0,3.0,16249.0,5.0,0.0
0.0,0.0,3.0,2.0,3.0,16249.0,6.0,0.0
1.0,128.0,3.0,2.0,3.0,16249.0,7.0,1.0
0.0,0.0,1.0,3.0,20.0,18340.0,1.0,0.0
0.0,0.0,1.0,3.0,20.0,18340.0,2.0,0.0
1.0,8.0,1.0,3.0,20.0,18340.0,3.0,1.0
0.0,0.0,1.0,3.0,20.0,18340.0,4.0,0.0
0.0,0.0,1.0,3.0,20.0,18340.0,5.0,0.0
0.0,0.0,1.0,3.0,20.0,18340.0,6.0,0.0
0.0,0.0,1.0,3.0,20.0,18341.0,1.0,0.0
0.0,0.0,1.0,3.0,20.0,18341.0,2.0,0.0
0.0,0.0,1.0,3.0,20.0,18341.0,3.0,0.0
0.0,0.0,1.0,3.0,20.0,18341.0,4.0,0.0
0.0,0.0,1.0,3.0,20.0,18342.0,1.0,0.0
0.0,0.0,1.0,3.0,20.0,18342.0,2.0,0.0
0.0,0.0,1.0,3.0,20.0,18342.0,3.0,0.0
0.0,0.0,1.0,3.0,20.0,18342.0,4.0,0.0
0.0,0.0,1.0,3.0,20.0,18343.0,1.0,0.0
0.0,0.0,1.0,3.0,20.0,18343.0,2.0,0.0
0.0,0.0,1.0,3.0,20.0,18343.0,3.0,0.0
0.0,0.0,1.0,3.0,20.0,18343.0,4.0,0.0
0.0,0.0,1.0,3.0,20.0,18344.0,1.0,0.0
0.0,0.0,1.0,3.0,20.0,18344.0,2.0,0.0
0.0,0.0,1.0,3.0,20.0,18344.0,3.0,0.0
0.0,0.0,1.0,3.0,20.0,18344.0,4.0,0.0
0.0,0.0,1.0,3.0,20.0,18345.0,1.0,0.0
0.0,0.0,1.0,3.0,20.0,18345.0,2.0,0.0
0.0,0.0,1.0,3.0,20.0,18345.0,3.0,0.0
0.0,0.0,1.0,3.0,20.0,18345.0,4.0,0.0
0.0,0.0,1.0,3.0,20.0,18346.0,1.0,0.0
0.0,0.0,1.0,3.0,20.0,18346.0,2.0,0.0
1.0,8.0,1.0,3.0,20.0,18346.0,3.0,1.0
0.0,0.0,1.0,3.0,20.0,18347.0,1.0,0.0
0.0,0.0,1.0,3.0,20.0,18347.0,2.0,0.0
0.0,0.0,1.0,3.0,20.0,18347.0,3.0,0.0
0.0,0.0,1.0,3.0,20.0,18347.0,4.0,0.0
0.0,0.0,1.0,3.0,20.0,18374.0,1.0,0.0
0.0,0.0,1.0,3.0,20.0,18374.0,2.0,0.0
0.0,0.0,1.0,3.0,20.0,18374.0,3.0,0.0
0.0,0.0,1.0,3.0,20.0,18374.0,4.0,0.0
0.0,0.0,1.0,3.0,20.0,18375.0,1.0,0.0
0.0,0.0,1.0,3.0,20.0,18375.0,2.0,0.0
0.0,0.0,1.0,3.0,20.0,18375.0,3.0,0.0
0.0,0.0,1.0,3.0,20.0,18375.0,4.0,0.0
0.0,0.0,2.0,2.0,6.0,18376.0,1.0,0.0
0.0,0.0,2.0,2.0,6.0,18376.0,2.0,0.0
0.0,0.0,2.0,2.0,6.0,18376.0,3.0,0.0
0.0,0.0,2.0,2.0,6.0,18376.0,4.0,0.0
0.0,0.0,2.0,2.0,6.0,18376.0,5.0,0.0
0.0,0.0,2.0,2.0,6.0,18376.0,6.0,0.0
0.0,0.0,2.0,2.0,6.0,18376.0,7.0,0.0
0.0,0.0,2.0,2.0,6.0,18377.0,1.0,0.0
0.0,0.0,2.0,2.0,6.0,18377.0,2.0,0.0
0.0,0.0,2.0,2.0,6.0,18377.0,3.0,0.0
0.0,0.0,2.0,2.0,6.0,18377.0,4.0,0.0
0.0,0.0,2.0,2.0,6.0,18377.0,5.0,0.0
0.0,0.0,2.0,2.0,6.0,18377.0,6.0,0.0
0.0,0.0,2.0,2.0,6.0,18377.0,7.0,0.0
1.0,2.0,2.0,2.0,6.0,18378.0,1.0,1.0
1.0,4.0,2.0,2.0,6.0,18378.0,2.0,1.0
1.0,8.0,2.0,2.0,6.0,18378.0,3.0,1.0
0.0,0.0,2.0,2.0,6.0,18378.0,4.0,0.0
0.0,0.0,2.0,2.0,6.0,18378.0,5.0,0.0
0.0,0.0,2.0,2.0,6.0,18378.0,6.0,0.0
0.0,0.0,2.0,2.0,6.0,18378.0,7.0,0.0
0.0,0.0,2.0,2.0,6.0,18379.0,1.0,0.0
0.0,0.0,2.0,2.0,6.0,18379.0,2.0,0.0
0.0,0.0,2.0,2.0,6.0,18379.0,3.0,0.0
0.0,0.0,2.0,2.0,6.0,18379.0,4.0,0.0
0.0,0.0,2.0,2.0,6.0,18379.0,5.0,0.0
0.0,0.0,2.0,2.0,6.0,18379.0,6.0,0.0
0.0,0.0,2.0,2.0,6.0,18379.0,7.0,0.0
0.0,0.0,2.0,2.0,6.0,18380.0,1.0,0.0
0.0,0.0,2.0,2.0,6.0,18380.0,2.0,0.0
0.0,0.0,2.0,2.0,6.0,18380.0,3.0,0.0
0.0,0.0,2.0,2.0,6.0,18380.0,4.0,0.0
0.0,0.0,2.0,2.0,6.0,18380.0,5.0,0.0
0.0,0.0,2.0,2.0,6.0,18380.0,6.0,0.0
0.0,0.0,2.0,2.0,6.0,18380.0,7.0,0.0
0.0,0.0,2.0,2.0,6.0,18381.0,1.0,0.0
0.0,0.0,2.0,2.0,6.0,18381.0,2.0,0.0
0.0,0.0,2.0,2.0,6.0,18381.0,3.0,0.0
0.0,0.0,2.0,2.0,6.0,18381.0,4.0,0.0
0.0,0.0,2.0,2.0,6.0,18381.0,5.0,0.0
0.0,0.0,2.0,2.0,6.0,18381.0,6.0,0.0
0.0,0.0,2.0,2.0,6.0,18381.0,7.0,0.0
0.0,0.0,2.0,2.0,6.0,18382.0,1.0,0.0
0.0,0.0,2.0,2.0,6.0,18382.0,2.0,0.0
0.0,0.0,2.0,2.0,6.0,18382.0,3.0,0.0
0.0,0.0,2.0,2.0,6.0,18382.0,4.0,0.0
0.0,0.0,2.0,2.0,6.0,18382.0,5.0,0.0
0.0,0.0,2.0,2.0,6.0,18382.0,6.0,0.0
0.0,0.0,2.0,2.0,6.0,18382.0,7.0,0.0
0.0,0.0,1.0,3.0,21.0,18385.0,1.0,0.0
0.0,0.0,1.0,3.0,21.0,18385.0,2.0,0.0
0.0,0.0,1.0,3.0,21.0,18385.0,3.0,0.0
0.0,0.0,1.0,3.0,21.0,18385.0,4.0,0.0
0.0,0.0,1.0,3.0,21.0,18386.0,1.0,0.0
0.0,0.0,1.0,3.0,21.0,18386.0,2.0,0.0
0.0,0.0,1.0,3.0,21.0,18386.0,3.0,0.0
0.0,0.0,1.0,3.0,21.0,18386.0,4.0,0.0
0.0,0.0,1.0,3.0,21.0,18387.0,1.0,0.0
0.0,0.0,1.0,3.0,21.0,18387.0,2.0,0.0
0.0,0.0,1.0,3.0,21.0,18387.0,3.0,0.0
0.0,0.0,1.0,3.0,21.0,18387.0,4.0,0.0
0.0,0.0,1.0,3.0,21.0,18388.0,1.0,0.0
0.0,0.0,1.0,3.0,21.0,18388.0,2.0,0.0
0.0,0.0,1.0,3.0,21.0,18388.0,3.0,0.0
0.0,0.0,1.0,3.0,21.0,18388.0,4.0,0.0
0.0,0.0,1.0,3.0,21.0,18389.0,1.0,0.0
0.0,0.0,1.0,3.0,21.0,18389.0,2.0,0.0
0.0,0.0,1.0,3.0,21.0,18389.0,3.0,0.0
0.0,0.0,1.0,3.0,21.0,18389.0,4.0,0.0
0.0,0.0,1.0,3.0,21.0,18390.0,1.0,0.0
0.0,0.0,1.0,3.0,21.0,18390.0,2.0,0.0
0.0,0.0,1.0,3.0,21.0,18390.0,3.0,0.0
0.0,0.0,1.0,3.0,21.0,18390.0,4.0,0.0
0.0,0.0,1.0,3.0,21.0,18391.0,1.0,0.0
0.0,0.0,1.0,3.0,21.0,18391.0,2.0,0.0
0.0,0.0,1.0,3.0,21.0,18391.0,3.0,0.0
0.0,0.0,1.0,3.0,21.0,18391.0,4.0,0.0
0.0,0.0,1.0,3.0,21.0,18392.0,1.0,0.0
1.0,4.0,1.0,3.0,21.0,18392.0,2.0,1.0
0.0,0.0,2.0,2.0,6.0,18393.0,1.0,0.0
0.0,0.0,2.0,2.0,6.0,18393.0,2.0,0.0
0.0,0.0,2.0,2.0,6.0,18393.0,3.0,0.0
0.0,0.0,2.0,2.0,6.0,18393.0,4.0,0.0
0.0,0.0,2.0,2.0,6.0,18393.0,5.0,0.0
0.0,0.0,2.0,2.0,6.0,18393.0,6.0,0.0
0.0,0.0,2.0,2.0,6.0,18393.0,7.0,0.0
0.0,0.0,2.0,2.0,6.0,18394.0,1.0,0.0
0.0,0.0,2.0,2.0,6.0,18394.0,2.0,0.0
0.0,0.0,2.0,2.0,6.0,18394.0,3.0,0.0
0.0,0.0,2.0,2.0,6.0,18394.0,4.0,0.0
0.0,0.0,2.0,2.0,6.0,18394.0,5.0,0.0
0.0,0.0,2.0,2.0,6.0,18394.0,6.0,0.0
0.0,0.0,2.0,2.0,6.0,18394.0,7.0,0.0
0.0,0.0,2.0,2.0,6.0,18395.0,1.0,0.0
0.0,0.0,2.0,2.0,6.0,18395.0,2.0,0.0
0.0,0.0,2.0,2.0,6.0,18395.0,3.0,0.0
0.0,0.0,2.0,2.0,6.0,18395.0,4.0,0.0
0.0,0.0,2.0,2.0,6.0,18395.0,5.0,0.0
0.0,0.0,2.0,2.0,6.0,18395.0,6.0,0.0
0.0,0.0,2.0,2.0,6.0,18395.0,7.0,0.0
0.0,0.0,2.0,2.0,6.0,18396.0,1.0,0.0
0.0,0.0,2.0,2.0,6.0,18396.0,2.0,0.0
0.0,0.0,2.0,2.0,6.0,18396.0,3.0,0.0
0.0,0.0,2.0,2.0,6.0,18396.0,4.0,0.0
0.0,0.0,2.0,2.0,6.0,18396.0,5.0,0.0
0.0,0.0,2.0,2.0,6.0,18396.0,6.0,0.0
0.0,0.0,2.0,2.0,6.0,18396.0,7.0,0.0
1.0,2.0,2.0,2.0,6.0,18397.0,1.0,1.0
1.0,4.0,2.0,2.0,6.0,18397.0,2.0,1.0
1.0,8.0,2.0,2.0,6.0,18397.0,3.0,1.0
1.0,16.0,2.0,2.0,6.0,18397.0,4.0,1.0
1.0,32.0,2.0,2.0,6.0,18397.0,5.0,1.0
0.0,0.0,2.0,2.0,6.0,18397.0,6.0,0.0
1.0,128.0,2.0,2.0,6.0,18397.0,7.0,1.0
1.0,2.0,2.0,2.0,6.0,18398.0,1.0,1.0
1.0,4.0,2.0,2.0,6.0,18398.0,2.0,1.0
0.0,0.0,1.0,3.0,21.0,18399.0,1.0,0.0
0.0,0.0,1.0,3.0,21.0,18399.0,2.0,0.0
0.0,0.0,1.0,3.0,21.0,18399.0,3.0,0.0
0.0,0.0,1.0,3.0,21.0,18399.0,4.0,0.0
0.0,0.0,1.0,3.0,21.0,18400.0,1.0,0.0
0.0,0.0,1.0,3.0,21.0,18400.0,2.0,0.0
0.0,0.0,1.0,3.0,21.0,18400.0,3.0,0.0
0.0,0.0,1.0,3.0,21.0,18400.0,4.0,0.0
0.0,0.0,1.0,3.0,17.0,18697.0,1.0,0.0
0.0,0.0,1.0,3.0,17.0,18697.0,2.0,0.0
0.0,0.0,1.0,3.0,17.0,18697.0,3.0,0.0
0.0,0.0,1.0,3.0,17.0,18697.0,4.0,0.0
0.0,0.0,1.0,3.0,17.0,18698.0,1.0,0.0
0.0,0.0,1.0,3.0,17.0,18698.0,2.0,0.0
0.0,0.0,1.0,3.0,17.0,18698.0,3.0,0.0
0.0,0.0,1.0,3.0,17.0,18698.0,4.0,0.0
0.0,0.0,1.0,3.0,17.0,18699.0,1.0,0.0
0.0,0.0,1.0,3.0,17.0,18699.0,2.0,0.0
0.0,0.0,1.0,3.0,17.0,18699.0,3.0,0.0
0.0,0.0,1.0,3.0,17.0,18699.0,4.0,0.0
0.0,0.0,1.0,3.0,17.0,18700.0,1.0,0.0
0.0,0.0,1.0,3.0,17.0,18700.0,2.0,0.0
0.0,0.0,1.0,3.0,17.0,18700.0,3.0,0.0
0.0,0.0,1.0,3.0,17.0,18700.0,4.0,0.0
1.0,32.0,1.0,3.0,17.0,18700.0,5.0,1.0
0.0,0.0,1.0,3.0,17.0,18700.0,6.0,0.0
0.0,0.0,1.0,3.0,17.0,18701.0,1.0,0.0
0.0,0.0,1.0,3.0,17.0,18701.0,2.0,0.0
0.0,0.0,1.0,3.0,17.0,18701.0,3.0,0.0
0.0,0.0,1.0,3.0,17.0,18701.0,4.0,0.0
0.0,0.0,1.0,3.0,17.0,18702.0,1.0,0.0
0.0,0.0,1.0,3.0,17.0,18702.0,2.0,0.0
0.0,0.0,1.0,3.0,17.0,18702.0,3.0,0.0
0.0,0.0,1.0,3.0,17.0,18702.0,4.0,0.0
0.0,0.0,1.0,3.0,17.0,18703.0,1.0,0.0
0.0,0.0,1.0,3.0,17.0,18703.0,2.0,0.0
0.0,0.0,1.0,3.0,17.0,18703.0,3.0,0.0
0.0,0.0,1.0,3.0,17.0,18703.0,4.0,0.0
0.0,0.0,1.0,3.0,17.0,18704.0,1.0,0.0
0.0,0.0,1.0,3.0,17.0,18704.0,2.0,0.0
0.0,0.0,1.0,3.0,17.0,18704.0,3.0,0.0
0.0,0.0,1.0,3.0,17.0,18704.0,4.0,0.0
0.0,0.0,1.0,3.0,17.0,18705.0,1.0,0.0
0.0,0.0,1.0,3.0,17.0,18705.0,2.0,0.0
0.0,0.0,1.0,3.0,17.0,18705.0,3.0,0.0
0.0,0.0,1.0,3.0,17.0,18705.0,4.0,0.0
0.0,0.0,1.0,3.0,17.0,18706.0,1.0,0.0
0.0,0.0,1.0,3.0,17.0,18706.0,2.0,0.0
0.0,0.0,1.0,3.0,17.0,18706.0,3.0,0.0
0.0,0.0,1.0,3.0,17.0,18706.0,4.0,0.0
0.0,0.0,1.0,3.0,17.0,18707.0,1.0,0.0
0.0,0.0,1.0,3.0,17.0,18707.0,2.0,0.0
0.0,0.0,1.0,3.0,17.0,18707.0,3.0,0.0
0.0,0.0,1.0,3.0,17.0,18707.0,4.0,0.0
0.0,0.0,1.0,2.0,10.0,18708.0,1.0,0.0
0.0,0.0,1.0,2.0,10.0,18708.0,2.0,0.0
1.0,8.0,1.0,2.0,10.0,18708.0,3.0,1.0
0.0,0.0,1.0,2.0,10.0,18708.0,4.0,0.0
0.0,0.0,1.0,2.0,10.0,18708.0,5.0,0.0
0.0,0.0,1.0,2.0,10.0,18708.0,6.0,0.0
0.0,0.0,1.0,2.0,10.0,18708.0,7.0,0.0
0.0,0.0,1.0,2.0,10.0,18709.0,1.0,0.0
0.0,0.0,1.0,2.0,10.0,18709.0,2.0,0.0
0.0,0.0,1.0,2.0,10.0,18709.0,3.0,0.0
0.0,0.0,1.0,2.0,10.0,18709.0,4.0,0.0
0.0,0.0,1.0,2.0,10.0,18709.0,5.0,0.0
0.0,0.0,1.0,2.0,10.0,18709.0,6.0,0.0
0.0,0.0,1.0,2.0,10.0,18709.0,7.0,0.0
0.0,0.0,1.0,2.0,10.0,18710.0,1.0,0.0
0.0,0.0,1.0,2.0,10.0,18710.0,2.0,0.0
0.0,0.0,1.0,2.0,10.0,18710.0,3.0,0.0
0.0,0.0,1.0,2.0,10.0,18710.0,4.0,0.0
0.0,0.0,1.0,2.0,10.0,18710.0,5.0,0.0
0.0,0.0,1.0,2.0,10.0,18710.0,6.0,0.0
0.0,0.0,1.0,2.0,10.0,18711.0,1.0,0.0
0.0,0.0,1.0,2.0,10.0,18711.0,2.0,0.0
0.0,0.0,1.0,2.0,10.0,18711.0,3.0,0.0
0.0,0.0,1.0,2.0,10.0,18711.0,4.0,0.0
0.0,0.0,1.0,2.0,10.0,18711.0,5.0,0.0
0.0,0.0,1.0,2.0,10.0,18711.0,6.0,0.0
0.0,0.0,1.0,2.0,10.0,18711.0,7.0,0.0
0.0,0.0,1.0,2.0,10.0,18712.0,1.0,0.0
0.0,0.0,1.0,2.0,10.0,18712.0,2.0,0.0
0.0,0.0,1.0,2.0,10.0,18712.0,3.0,0.0
0.0,0.0,1.0,2.0,10.0,18712.0,4.0,0.0
0.0,0.0,1.0,2.0,10.0,18712.0,5.0,0.0
0.0,0.0,1.0,2.0,10.0,18712.0,6.0,0.0
0.0,0.0,1.0,2.0,10.0,18712.0,7.0,0.0
0.0,0.0,1.0,2.0,10.0,18713.0,1.0,0.0
0.0,0.0,1.0,2.0,10.0,18713.0,2.0,0.0
0.0,0.0,1.0,2.0,10.0,18713.0,3.0,0.0
0.0,0.0,1.0,2.0,10.0,18713.0,4.0,0.0
0.0,0.0,1.0,2.0,10.0,18713.0,5.0,0.0
0.0,0.0,1.0,2.0,10.0,18713.0,6.0,0.0
0.0,0.0,1.0,2.0,10.0,18713.0,7.0,0.0
0.0,0.0,1.0,2.0,10.0,18714.0,1.0,0.0
0.0,0.0,1.0,2.0,10.0,18714.0,2.0,0.0
0.0,0.0,1.0,2.0,10.0,18714.0,3.0,0.0
0.0,0.0,1.0,2.0,10.0,18714.0,4.0,0.0
0.0,0.0,1.0,2.0,10.0,18714.0,5.0,0.0
0.0,0.0,1.0,2.0,10.0,18714.0,6.0,0.0
0.0,0.0,1.0,2.0,10.0,18714.0,7.0,0.0
0.0,0.0,1.0,2.0,10.0,18715.0,1.0,0.0
0.0,0.0,1.0,2.0,10.0,18715.0,2.0,0.0
0.0,0.0,1.0,2.0,10.0,18715.0,3.0,0.0
0.0,0.0,1.0,2.0,10.0,18715.0,4.0,0.0
0.0,0.0,1.0,2.0,10.0,18715.0,5.0,0.0
0.0,0.0,1.0,2.0,10.0,18715.0,6.0,0.0
0.0,0.0,1.0,2.0,10.0,18715.0,7.0,0.0
0.0,0.0,1.0,2.0,10.0,18716.0,1.0,0.0
0.0,0.0,1.0,2.0,10.0,18716.0,2.0,0.0
0.0,0.0,1.0,2.0,10.0,18716.0,3.0,0.0
0.0,0.0,1.0,2.0,10.0,18716.0,4.0,0.0
0.0,0.0,1.0,2.0,10.0,18716.0,5.0,0.0
0.0,0.0,1.0,2.0,10.0,18716.0,6.0,0.0
0.0,0.0,1.0,2.0,10.0,18716.0,7.0,0.0
1.0,2.0,1.0,2.0,10.0,18717.0,1.0,1.0
1.0,4.0,1.0,2.0,10.0,18717.0,2.0,1.0
0.0,0.0,1.0,2.0,12.0,18723.0,1.0,0.0
0.0,0.0,1.0,2.0,12.0,18723.0,2.0,0.0
0.0,0.0,1.0,2.0,12.0,18723.0,3.0,0.0
0.0,0.0,1.0,2.0,12.0,18723.0,4.0,0.0
0.0,0.0,1.0,2.0,12.0,18723.0,5.0,0.0
0.0,0.0,1.0,2.0,12.0,18723.0,6.0,0.0
0.0,0.0,1.0,2.0,12.0,18723.0,7.0,0.0
0.0,0.0,1.0,2.0,12.0,18724.0,1.0,0.0
0.0,0.0,1.0,2.0,12.0,18724.0,2.0,0.0
0.0,0.0,1.0,2.0,12.0,18724.0,3.0,0.0
0.0,0.0,1.0,2.0,12.0,18724.0,4.0,0.0
0.0,0.0,1.0,2.0,12.0,18724.0,5.0,0.0
0.0,0.0,1.0,2.0,12.0,18724.0,6.0,0.0
0.0,0.0,1.0,2.0,12.0,18724.0,7.0,0.0
0.0,0.0,1.0,2.0,12.0,18725.0,1.0,0.0
0.0,0.0,1.0,2.0,12.0,18725.0,2.0,0.0
0.0,0.0,1.0,2.0,12.0,18725.0,3.0,0.0
0.0,0.0,1.0,2.0,12.0,18725.0,4.0,0.0
0.0,0.0,1.0,2.0,12.0,18725.0,5.0,0.0
0.0,0.0,1.0,2.0,12.0,18725.0,6.0,0.0
0.0,0.0,1.0,2.0,12.0,18725.0,7.0,0.0
0.0,0.0,1.0,2.0,12.0,18726.0,1.0,0.0
0.0,0.0,1.0,2.0,12.0,18726.0,2.0,0.0
0.0,0.0,1.0,2.0,12.0,18726.0,3.0,0.0
0.0,0.0,1.0,2.0,12.0,18726.0,4.0,0.0
0.0,0.0,1.0,2.0,12.0,18726.0,5.0,0.0
0.0,0.0,1.0,2.0,12.0,18726.0,6.0,0.0
0.0,0.0,1.0,2.0,12.0,18726.0,7.0,0.0
0.0,0.0,1.0,2.0,12.0,18727.0,1.0,0.0
0.0,0.0,1.0,2.0,12.0,18727.0,2.0,0.0
0.0,0.0,1.0,2.0,12.0,18727.0,3.0,0.0
0.0,0.0,1.0,2.0,12.0,18727.0,4.0,0.0
0.0,0.0,1.0,2.0,12.0,18727.0,5.0,0.0
0.0,0.0,1.0,2.0,12.0,18727.0,6.0,0.0
0.0,0.0,1.0,2.0,12.0,18727.0,7.0,0.0
0.0,0.0,1.0,2.0,12.0,18728.0,1.0,0.0
0.0,0.0,1.0,2.0,12.0,18728.0,2.0,0.0
0.0,0.0,1.0,2.0,12.0,18728.0,3.0,0.0
0.0,0.0,1.0,2.0,12.0,18728.0,4.0,0.0
0.0,0.0,1.0,2.0,12.0,18728.0,5.0,0.0
0.0,0.0,1.0,2.0,12.0,18728.0,6.0,0.0
0.0,0.0,1.0,2.0,12.0,18728.0,7.0,0.0
0.0,0.0,1.0,2.0,22.0,18754.0,1.0,0.0
0.0,0.0,1.0,2.0,22.0,18754.0,2.0,0.0
0.0,0.0,1.0,2.0,22.0,18754.0,3.0,0.0
0.0,0.0,1.0,2.0,22.0,18754.0,4.0,0.0
0.0,0.0,1.0,2.0,22.0,18754.0,5.0,0.0
0.0,0.0,1.0,2.0,22.0,18754.0,6.0,0.0
0.0,0.0,1.0,2.0,22.0,18754.0,7.0,0.0
0.0,0.0,1.0,2.0,22.0,18755.0,1.0,0.0
0.0,0.0,1.0,2.0,22.0,18755.0,2.0,0.0
0.0,0.0,1.0,2.0,22.0,18755.0,3.0,0.0
0.0,0.0,1.0,2.0,22.0,18755.0,4.0,0.0
0.0,0.0,1.0,2.0,22.0,18755.0,5.0,0.0
0.0,0.0,1.0,2.0,22.0,18755.0,6.0,0.0
0.0,0.0,1.0,2.0,22.0,18755.0,7.0,0.0
0.0,0.0,1.0,2.0,22.0,18756.0,1.0,0.0
0.0,0.0,1.0,2.0,22.0,18756.0,2.0,0.0
0.0,0.0,1.0,2.0,22.0,18756.0,3.0,0.0
0.0,0.0,1.0,2.0,22.0,18756.0,4.0,0.0
0.0,0.0,1.0,2.0,22.0,18756.0,5.0,0.0
0.0,0.0,1.0,2.0,22.0,18756.0,6.0,0.0
0.0,0.0,1.0,2.0,22.0,18756.0,7.0,0.0
0.0,0.0,1.0,2.0,22.0,18757.0,1.0,0.0
1.0,4.0,1.0,2.0,22.0,18757.0,2.0,1.0
1.0,8.0,1.0,2.0,22.0,18757.0,3.0,1.0
0.0,0.0,1.0,2.0,22.0,18758.0,1.0,0.0
0.0,0.0,1.0,2.0,22.0,18758.0,2.0,0.0
0.0,0.0,1.0,2.0,22.0,18758.0,3.0,0.0
0.0,0.0,1.0,2.0,22.0,18758.0,4.0,0.0
0.0,0.0,1.0,2.0,22.0,18758.0,5.0,0.0
0.0,0.0,1.0,2.0,22.0,18758.0,6.0,0.0
0.0,0.0,1.0,2.0,22.0,18758.0,7.0,0.0
0.0,0.0,1.0,2.0,12.0,18761.0,1.0,0.0
0.0,0.0,1.0,2.0,12.0,18761.0,2.0,0.0
0.0,0.0,1.0,2.0,12.0,18761.0,3.0,0.0
0.0,0.0,1.0,2.0,12.0,18761.0,4.0,0.0
0.0,0.0,1.0,2.0,12.0,18761.0,5.0,0.0
0.0,0.0,1.0,2.0,12.0,18761.0,6.0,0.0
0.0,0.0,1.0,2.0,12.0,18761.0,7.0,0.0
0.0,0.0,1.0,2.0,12.0,18762.0,1.0,0.0
0.0,0.0,1.0,2.0,12.0,18762.0,2.0,0.0
0.0,0.0,1.0,2.0,12.0,18762.0,3.0,0.0
0.0,0.0,1.0,2.0,12.0,18762.0,4.0,0.0
0.0,0.0,1.0,2.0,12.0,18762.0,5.0,0.0
0.0,0.0,1.0,2.0,12.0,18762.0,6.0,0.0
0.0,0.0,1.0,2.0,12.0,18762.0,7.0,0.0
0.0,0.0,1.0,2.0,12.0,18763.0,1.0,0.0
0.0,0.0,1.0,2.0,12.0,18763.0,2.0,0.0
0.0,0.0,1.0,2.0,12.0,18763.0,3.0,0.0
0.0,0.0,1.0,2.0,12.0,18763.0,4.0,0.0
0.0,0.0,1.0,2.0,12.0,18763.0,5.0,0.0
0.0,0.0,1.0,2.0,12.0,18763.0,6.0,0.0
0.0,0.0,1.0,2.0,12.0,18763.0,7.0,0.0
1.0,2.0,1.0,2.0,12.0,18764.0,1.0,1.0
1.0,4.0,1.0,2.0,12.0,18764.0,2.0,1.0
0.0,0.0,1.0,2.0,16.0,19740.0,1.0,0.0
0.0,0.0,1.0,2.0,16.0,19740.0,2.0,0.0
0.0,0.0,1.0,2.0,16.0,19740.0,3.0,0.0
0.0,0.0,1.0,2.0,16.0,19740.0,4.0,0.0
0.0,0.0,1.0,2.0,16.0,19740.0,5.0,0.0
0.0,0.0,1.0,2.0,16.0,19740.0,6.0,0.0
0.0,0.0,1.0,2.0,16.0,19740.0,7.0,0.0
0.0,0.0,1.0,2.0,16.0,19741.0,1.0,0.0
0.0,0.0,1.0,2.0,16.0,19741.0,2.0,0.0
0.0,0.0,1.0,2.0,16.0,19741.0,3.0,0.0
0.0,0.0,1.0,2.0,16.0,19741.0,4.0,0.0
0.0,0.0,1.0,2.0,16.0,19741.0,5.0,0.0
0.0,0.0,1.0,2.0,16.0,19741.0,6.0,0.0
0.0,0.0,1.0,2.0,16.0,19741.0,7.0,0.0
0.0,0.0,1.0,2.0,16.0,19742.0,1.0,0.0
0.0,0.0,1.0,2.0,16.0,19742.0,2.0,0.0
0.0,0.0,1.0,2.0,16.0,19742.0,3.0,0.0
0.0,0.0,1.0,2.0,16.0,19742.0,4.0,0.0
0.0,0.0,1.0,2.0,16.0,19742.0,5.0,0.0
0.0,0.0,1.0,2.0,16.0,19742.0,6.0,0.0
0.0,0.0,1.0,2.0,16.0,19742.0,7.0,0.0
0.0,0.0,1.0,2.0,16.0,19743.0,1.0,0.0
0.0,0.0,1.0,2.0,16.0,19743.0,2.0,0.0
0.0,0.0,1.0,2.0,16.0,19743.0,3.0,0.0
0.0,0.0,1.0,2.0,16.0,19743.0,4.0,0.0
0.0,0.0,1.0,2.0,16.0,19743.0,5.0,0.0
0.0,0.0,1.0,2.0,16.0,19743.0,6.0,0.0
0.0,0.0,1.0,2.0,16.0,19743.0,7.0,0.0
0.0,0.0,1.0,2.0,16.0,19744.0,1.0,0.0
0.0,0.0,1.0,2.0,16.0,19744.0,2.0,0.0
0.0,0.0,1.0,2.0,16.0,19744.0,3.0,0.0
0.0,0.0,1.0,2.0,16.0,19744.0,4.0,0.0
0.0,0.0,1.0,2.0,16.0,19744.0,5.0,0.0
0.0,0.0,1.0,2.0,16.0,19744.0,6.0,0.0
0.0,0.0,1.0,2.0,16.0,19744.0,7.0,0.0
0.0,0.0,1.0,2.0,16.0,19745.0,1.0,0.0
0.0,0.0,1.0,2.0,16.0,19745.0,2.0,0.0
0.0,0.0,1.0,2.0,16.0,19745.0,3.0,0.0
0.0,0.0,1.0,2.0,16.0,19745.0,4.0,0.0
0.0,0.0,1.0,2.0,16.0,19745.0,5.0,0.0
0.0,0.0,1.0,2.0,16.0,19745.0,6.0,0.0
0.0,0.0,1.0,2.0,16.0,19745.0,7.0,0.0
0.0,0.0,1.0,2.0,16.0,19746.0,1.0,0.0
0.0,0.0,1.0,2.0,16.0,19746.0,2.0,0.0
0.0,0.0,1.0,2.0,16.0,19746.0,3.0,0.0
0.0,0.0,1.0,2.0,16.0,19746.0,4.0,0.0
0.0,0.0,1.0,2.0,16.0,19746.0,5.0,0.0
0.0,0.0,1.0,2.0,16.0,19746.0,6.0,0.0
0.0,0.0,1.0,2.0,16.0,19746.0,7.0,0.0
0.0,0.0,1.0,2.0,16.0,19747.0,1.0,0.0
1.0,4.0,1.0,2.0,16.0,19747.0,2.0,1.0
1.0,8.0,1.0,2.0,16.0,19747.0,3.0,1.0
0.0,0.0,1.0,2.0,15.0,19750.0,1.0,0.0
0.0,0.0,1.0,2.0,15.0,19750.0,2.0,0.0
0.0,0.0,1.0,2.0,15.0,19750.0,3.0,0.0
0.0,0.0,1.0,2.0,15.0,19750.0,4.0,0.0
0.0,0.0,1.0,2.0,15.0,19750.0,5.0,0.0
0.0,0.0,1.0,2.0,15.0,19750.0,6.0,0.0
0.0,0.0,1.0,2.0,15.0,19750.0,7.0,0.0
0.0,0.0,1.0,2.0,15.0,19751.0,1.0,0.0
0.0,0.0,1.0,2.0,15.0,19751.0,2.0,0.0
0.0,0.0,1.0,2.0,15.0,19751.0,3.0,0.0
0.0,0.0,1.0,2.0,15.0,19751.0,4.0,0.0
0.0,0.0,1.0,2.0,15.0,19751.0,5.0,0.0
0.0,0.0,1.0,2.0,15.0,19751.0,6.0,0.0
0.0,0.0,1.0,2.0,15.0,19751.0,7.0,0.0
0.0,0.0,1.0,2.0,15.0,19752.0,1.0,0.0
0.0,0.0,1.0,2.0,15.0,19752.0,2.0,0.0
0.0,0.0,1.0,2.0,15.0,19752.0,3.0,0.0
0.0,0.0,1.0,2.0,15.0,19752.0,4.0,0.0
0.0,0.0,1.0,2.0,15.0,19752.0,5.0,0.0
0.0,0.0,1.0,2.0,15.0,19752.0,6.0,0.0
0.0,0.0,1.0,2.0,15.0,19752.0,7.0,0.0
0.0,0.0,1.0,2.0,15.0,19753.0,1.0,0.0
0.0,0.0,1.0,2.0,15.0,19753.0,2.0,0.0
0.0,0.0,1.0,2.0,15.0,19753.0,3.0,0.0
0.0,0.0,1.0,2.0,15.0,19753.0,4.0,0.0
0.0,0.0,1.0,2.0,15.0,19753.0,5.0,0.0
0.0,0.0,1.0,2.0,15.0,19753.0,6.0,0.0
0.0,0.0,1.0,2.0,15.0,19753.0,7.0,0.0
0.0,0.0,1.0,2.0,15.0,19754.0,1.0,0.0
0.0,0.0,1.0,2.0,15.0,19754.0,2.0,0.0
0.0,0.0,1.0,2.0,15.0,19754.0,3.0,0.0
0.0,0.0,1.0,2.0,15.0,19754.0,4.0,0.0
0.0,0.0,1.0,2.0,15.0,19754.0,5.0,0.0
0.0,0.0,1.0,2.0,15.0,19754.0,6.0,0.0
0.0,0.0,1.0,2.0,15.0,19754.0,7.0,0.0
0.0,0.0,2.0,2.0,8.0,19755.0,1.0,0.0
0.0,0.0,2.0,2.0,8.0,19755.0,2.0,0.0
0.0,0.0,2.0,2.0,8.0,19755.0,3.0,0.0
0.0,0.0,2.0,2.0,8.0,19755.0,4.0,0.0
1.0,32.0,2.0,2.0,8.0,19755.0,5.0,1.0
0.0,0.0,2.0,2.0,8.0,19755.0,6.0,0.0
0.0,0.0,2.0,2.0,8.0,19755.0,7.0,0.0
0.0,0.0,2.0,2.0,8.0,19755.0,8.0,0.0
0.0,0.0,2.0,2.0,8.0,19755.0,9.0,0.0
0.0,0.0,2.0,2.0,8.0,19756.0,1.0,0.0
0.0,0.0,2.0,2.0,8.0,19756.0,2.0,0.0
0.0,0.0,2.0,2.0,8.0,19756.0,3.0,0.0
0.0,0.0,2.0,2.0,8.0,19756.0,4.0,0.0
0.0,0.0,2.0,2.0,8.0,19756.0,5.0,0.0
0.0,0.0,2.0,2.0,8.0,19756.0,6.0,0.0
0.0,0.0,2.0,2.0,8.0,19756.0,7.0,0.0
0.0,0.0,2.0,2.0,8.0,19757.0,1.0,0.0
0.0,0.0,2.0,2.0,8.0,19757.0,2.0,0.0
0.0,0.0,2.0,2.0,8.0,19757.0,3.0,0.0
0.0,0.0,2.0,2.0,8.0,19757.0,4.0,0.0
1.0,32.0,2.0,2.0,8.0,19757.0,5.0,1.0
0.0,0.0,2.0,2.0,8.0,19757.0,6.0,0.0
0.0,0.0,2.0,2.0,8.0,19757.0,7.0,0.0
0.0,0.0,2.0,2.0,8.0,19757.0,8.0,0.0
0.0,0.0,2.0,2.0,8.0,19757.0,9.0,0.0
1.0,2.0,2.0,2.0,8.0,19758.0,1.0,1.0
1.0,4.0,2.0,2.0,8.0,19758.0,2.0,1.0
1.0,8.0,2.0,2.0,8.0,19758.0,3.0,1.0
0.0,0.0,1.0,2.0,9.0,19782.0,1.0,0.0
0.0,0.0,1.0,2.0,9.0,19782.0,2.0,0.0
0.0,0.0,1.0,2.0,9.0,19782.0,3.0,0.0
0.0,0.0,1.0,2.0,9.0,19782.0,4.0,0.0
0.0,0.0,1.0,2.0,9.0,19782.0,5.0,0.0
0.0,0.0,1.0,2.0,9.0,19782.0,6.0,0.0
0.0,0.0,1.0,2.0,9.0,19782.0,7.0,0.0
0.0,0.0,1.0,2.0,9.0,19783.0,1.0,0.0
0.0,0.0,1.0,2.0,9.0,19783.0,2.0,0.0
0.0,0.0,1.0,2.0,9.0,19783.0,3.0,0.0
0.0,0.0,1.0,2.0,9.0,19783.0,4.0,0.0
0.0,0.0,1.0,2.0,9.0,19783.0,5.0,0.0
0.0,0.0,1.0,2.0,9.0,19783.0,6.0,0.0
0.0,0.0,1.0,2.0,9.0,19783.0,7.0,0.0
0.0,0.0,1.0,2.0,9.0,19784.0,1.0,0.0
0.0,0.0,1.0,2.0,9.0,19784.0,2.0,0.0
0.0,0.0,1.0,2.0,9.0,19784.0,3.0,0.0
0.0,0.0,1.0,2.0,9.0,19784.0,4.0,0.0
0.0,0.0,1.0,2.0,9.0,19784.0,5.0,0.0
0.0,0.0,1.0,2.0,9.0,19784.0,6.0,0.0
0.0,0.0,1.0,2.0,9.0,19784.0,7.0,0.0
1.0,2.0,1.0,2.0,9.0,19785.0,1.0,1.0
0.0,0.0,1.0,2.0,9.0,19785.0,2.0,0.0
0.0,0.0,1.0,2.0,9.0,19785.0,3.0,0.0
0.0,0.0,1.0,2.0,9.0,19785.0,4.0,0.0
0.0,0.0,1.0,2.0,9.0,19785.0,5.0,0.0
0.0,0.0,1.0,2.0,9.0,19785.0,6.0,0.0
0.0,0.0,1.0,2.0,9.0,19785.0,7.0,0.0
0.0,0.0,1.0,2.0,15.0,19786.0,1.0,0.0
0.0,0.0,1.0,2.0,15.0,19786.0,2.0,0.0
0.0,0.0,1.0,2.0,15.0,19786.0,3.0,0.0
0.0,0.0,1.0,2.0,15.0,19786.0,4.0,0.0
0.0,0.0,1.0,2.0,15.0,19786.0,5.0,0.0
0.0,0.0,1.0,2.0,15.0,19786.0,6.0,0.0
0.0,0.0,1.0,2.0,15.0,19786.0,7.0,0.0
0.0,0.0,1.0,2.0,15.0,19787.0,1.0,0.0
0.0,0.0,1.0,2.0,15.0,19787.0,2.0,0.0
0.0,0.0,1.0,2.0,15.0,19787.0,3.0,0.0
0.0,0.0,1.0,2.0,15.0,19787.0,4.0,0.0
0.0,0.0,1.0,2.0,15.0,19787.0,5.0,0.0
0.0,0.0,1.0,2.0,15.0,19787.0,6.0,0.0
0.0,0.0,1.0,2.0,15.0,19787.0,7.0,0.0
0.0,0.0,1.0,2.0,15.0,19788.0,1.0,0.0
0.0,0.0,1.0,2.0,15.0,19788.0,2.0,0.0
0.0,0.0,1.0,2.0,15.0,19788.0,3.0,0.0
0.0,0.0,1.0,2.0,15.0,19788.0,4.0,0.0
0.0,0.0,1.0,2.0,15.0,19788.0,5.0,0.0
0.0,0.0,1.0,2.0,15.0,19788.0,6.0,0.0
0.0,0.0,1.0,2.0,15.0,19788.0,7.0,0.0
1.0,2.0,1.0,2.0,15.0,19789.0,1.0,1.0
1.0,4.0,1.0,2.0,15.0,19789.0,2.0,1.0
0.0,0.0,1.0,2.0,15.0,19790.0,1.0,0.0
0.0,0.0,1.0,2.0,15.0,19790.0,2.0,0.0
0.0,0.0,1.0,2.0,15.0,19790.0,3.0,0.0
0.0,0.0,1.0,2.0,15.0,19790.0,4.0,0.0
0.0,0.0,1.0,2.0,15.0,19790.0,5.0,0.0
0.0,0.0,1.0,2.0,15.0,19790.0,6.0,0.0
0.0,0.0,1.0,2.0,15.0,19790.0,7.0,0.0
0.0,0.0,1.0,2.0,15.0,19791.0,1.0,0.0
0.0,0.0,1.0,2.0,15.0,19791.0,2.0,0.0
0.0,0.0,1.0,2.0,15.0,19791.0,3.0,0.0
0.0,0.0,1.0,2.0,15.0,19791.0,4.0,0.0
0.0,0.0,1.0,2.0,15.0,19791.0,5.0,0.0
0.0,0.0,1.0,2.0,15.0,19791.0,6.0,0.0
1.0,128.0,1.0,2.0,15.0,19791.0,7.0,1.0
0.0,0.0,1.0,2.0,15.0,19791.0,8.0,0.0
0.0,0.0,1.0,2.0,15.0,19791.0,9.0,0.0
0.0,0.0,1.0,2.0,15.0,19792.0,1.0,0.0
0.0,0.0,1.0,2.0,15.0,19792.0,2.0,0.0
0.0,0.0,1.0,2.0,15.0,19792.0,3.0,0.0
0.0,0.0,1.0,2.0,15.0,19792.0,4.0,0.0
0.0,0.0,1.0,2.0,15.0,19792.0,5.0,0.0
0.0,0.0,1.0,2.0,15.0,19792.0,6.0,0.0
0.0,0.0,1.0,2.0,15.0,19792.0,7.0,0.0
0.0,0.0,1.0,2.0,11.0,19794.0,1.0,0.0
0.0,0.0,1.0,2.0,11.0,19794.0,2.0,0.0
0.0,0.0,1.0,2.0,11.0,19794.0,3.0,0.0
0.0,0.0,1.0,2.0,11.0,19794.0,4.0,0.0
0.0,0.0,1.0,2.0,11.0,19794.0,5.0,0.0
0.0,0.0,1.0,2.0,11.0,19794.0,6.0,0.0
0.0,0.0,1.0,2.0,11.0,19794.0,7.0,0.0
1.0,2.0,1.0,2.0,11.0,19795.0,1.0,1.0
0.0,0.0,1.0,2.0,11.0,19795.0,2.0,0.0
0.0,0.0,1.0,2.0,11.0,19795.0,3.0,0.0
1.0,16.0,1.0,2.0,11.0,19795.0,4.0,1.0
0.0,0.0,1.0,2.0,11.0,19795.0,5.0,0.0
1.0,64.0,1.0,2.0,11.0,19795.0,6.0,1.0
0.0,0.0,1.0,2.0,11.0,19795.0,7.0,0.0
0.0,0.0,1.0,2.0,11.0,19795.0,8.0,0.0
0.0,0.0,1.0,2.0,11.0,19795.0,10.0,0.0
0.0,0.0,1.0,2.0,11.0,19795.0,9.0,0.0
0.0,0.0,1.0,2.0,11.0,19795.0,11.0,0.0
0.0,0.0,1.0,2.0,11.0,19795.0,12.0,0.0
0.0,0.0,1.0,2.0,11.0,19796.0,1.0,0.0
0.0,0.0,1.0,2.0,11.0,19796.0,2.0,0.0
0.0,0.0,1.0,2.0,11.0,19796.0,3.0,0.0
0.0,0.0,1.0,2.0,11.0,19796.0,4.0,0.0
0.0,0.0,1.0,2.0,11.0,19796.0,5.0,0.0
0.0,0.0,1.0,2.0,11.0,19796.0,6.0,0.0
0.0,0.0,1.0,2.0,11.0,19796.0,7.0,0.0
0.0,0.0,1.0,2.0,11.0,19797.0,1.0,0.0
0.0,0.0,1.0,2.0,11.0,19797.0,2.0,0.0
0.0,0.0,1.0,2.0,11.0,19797.0,3.0,0.0
0.0,0.0,1.0,2.0,11.0,19797.0,4.0,0.0
0.0,0.0,1.0,2.0,11.0,19797.0,5.0,0.0
0.0,0.0,1.0,2.0,11.0,19797.0,6.0,0.0
0.0,0.0,1.0,2.0,11.0,19797.0,7.0,0.0
1.0,2.0,1.0,2.0,11.0,19798.0,1.0,1.0
0.0,0.0,1.0,2.0,11.0,19798.0,2.0,0.0
0.0,0.0,1.0,2.0,11.0,19798.0,3.0,0.0
0.0,0.0,1.0,2.0,11.0,19798.0,4.0,0.0
0.0,0.0,1.0,2.0,11.0,19798.0,5.0,0.0
0.0,0.0,1.0,2.0,11.0,19798.0,6.0,0.0
0.0,0.0,1.0,2.0,11.0,19798.0,7.0,0.0
0.0,0.0,1.0,2.0,11.0,19799.0,1.0,0.0
0.0,0.0,1.0,2.0,11.0,19799.0,2.0,0.0
0.0,0.0,1.0,2.0,11.0,19799.0,3.0,0.0
0.0,0.0,1.0,2.0,11.0,19799.0,4.0,0.0
0.0,0.0,1.0,2.0,11.0,19799.0,5.0,0.0
0.0,0.0,1.0,2.0,11.0,19799.0,6.0,0.0
0.0,0.0,1.0,2.0,11.0,19799.0,7.0,0.0
0.0,0.0,1.0,2.0,11.0,19800.0,1.0,0.0
0.0,0.0,1.0,2.0,11.0,19800.0,2.0,0.0
0.0,0.0,1.0,2.0,11.0,19800.0,3.0,0.0
0.0,0.0,1.0,2.0,11.0,19800.0,4.0,0.0
0.0,0.0,1.0,2.0,11.0,19800.0,5.0,0.0
0.0,0.0,1.0,2.0,11.0,19800.0,6.0,0.0
0.0,0.0,1.0,2.0,11.0,19800.0,7.0,0.0
0.0,0.0,1.0,2.0,11.0,19801.0,1.0,0.0
0.0,0.0,1.0,2.0,11.0,19801.0,2.0,0.0
0.0,0.0,1.0,2.0,11.0,19801.0,3.0,0.0
0.0,0.0,1.0,2.0,11.0,19801.0,4.0,0.0
0.0,0.0,1.0,2.0,11.0,19801.0,5.0,0.0
0.0,0.0,1.0,2.0,11.0,19801.0,6.0,0.0
0.0,0.0,1.0,2.0,11.0,19801.0,7.0,0.0
0.0,0.0,1.0,2.0,11.0,19802.0,1.0,0.0
0.0,0.0,1.0,2.0,11.0,19802.0,2.0,0.0
0.0,0.0,1.0,2.0,11.0,19802.0,3.0,0.0
0.0,0.0,1.0,2.0,11.0,19802.0,4.0,0.0
0.0,0.0,1.0,2.0,11.0,19802.0,5.0,0.0
0.0,0.0,1.0,2.0,11.0,19802.0,6.0,0.0
0.0,0.0,1.0,2.0,11.0,19802.0,7.0,0.0
0.0,0.0,1.0,2.0,11.0,19803.0,1.0,0.0
1.0,4.0,1.0,2.0,11.0,19803.0,2.0,1.0
1.0,8.0,1.0,2.0,11.0,19803.0,3.0,1.0
0.0,0.0,1.0,2.0,9.0,19809.0,1.0,0.0
0.0,0.0,1.0,2.0,9.0,19809.0,2.0,0.0
0.0,0.0,1.0,2.0,9.0,19809.0,3.0,0.0
0.0,0.0,1.0,2.0,9.0,19809.0,4.0,0.0
0.0,0.0,1.0,2.0,9.0,19809.0,5.0,0.0
0.0,0.0,1.0,2.0,9.0,19809.0,6.0,0.0
0.0,0.0,1.0,2.0,9.0,19809.0,7.0,0.0
0.0,0.0,1.0,2.0,9.0,19811.0,1.0,0.0
0.0,0.0,1.0,2.0,9.0,19811.0,2.0,0.0
0.0,0.0,1.0,2.0,9.0,19811.0,3.0,0.0
0.0,0.0,1.0,2.0,9.0,19811.0,4.0,0.0
0.0,0.0,1.0,2.0,9.0,19811.0,5.0,0.0
0.0,0.0,1.0,2.0,9.0,19811.0,6.0,0.0
0.0,0.0,1.0,2.0,9.0,19811.0,7.0,0.0
0.0,0.0,1.0,2.0,12.0,19828.0,1.0,0.0
0.0,0.0,1.0,2.0,12.0,19828.0,2.0,0.0
0.0,0.0,1.0,2.0,12.0,19828.0,3.0,0.0
0.0,0.0,1.0,2.0,12.0,19828.0,4.0,0.0
0.0,0.0,1.0,2.0,12.0,19828.0,5.0,0.0
0.0,0.0,1.0,2.0,12.0,19828.0,6.0,0.0
0.0,0.0,1.0,2.0,12.0,19828.0,7.0,0.0
0.0,0.0,1.0,2.0,12.0,19829.0,1.0,0.0
0.0,0.0,1.0,2.0,12.0,19829.0,2.0,0.0
0.0,0.0,1.0,2.0,12.0,19829.0,3.0,0.0
0.0,0.0,1.0,2.0,12.0,19829.0,4.0,0.0
0.0,0.0,1.0,2.0,12.0,19829.0,5.0,0.0
0.0,0.0,1.0,2.0,12.0,19829.0,6.0,0.0
0.0,0.0,1.0,2.0,12.0,19829.0,7.0,0.0
0.0,0.0,1.0,2.0,12.0,19830.0,1.0,0.0
0.0,0.0,1.0,2.0,12.0,19830.0,2.0,0.0
0.0,0.0,1.0,2.0,12.0,19830.0,3.0,0.0
0.0,0.0,1.0,2.0,12.0,19830.0,4.0,0.0
0.0,0.0,1.0,2.0,12.0,19830.0,5.0,0.0
1.0,64.0,1.0,2.0,12.0,19830.0,6.0,1.0
0.0,0.0,1.0,2.0,12.0,19830.0,7.0,0.0
0.0,0.0,1.0,3.0,19.0,19831.0,1.0,0.0
0.0,0.0,1.0,3.0,19.0,19831.0,2.0,0.0
0.0,0.0,1.0,3.0,19.0,19831.0,3.0,0.0
0.0,0.0,1.0,3.0,19.0,19831.0,4.0,0.0
0.0,0.0,1.0,3.0,19.0,19832.0,1.0,0.0
0.0,0.0,1.0,3.0,19.0,19832.0,2.0,0.0
0.0,0.0,1.0,3.0,19.0,19832.0,3.0,0.0
0.0,0.0,1.0,3.0,19.0,19832.0,4.0,0.0
0.0,0.0,1.0,3.0,19.0,19833.0,1.0,0.0
0.0,0.0,1.0,3.0,19.0,19833.0,2.0,0.0
0.0,0.0,1.0,3.0,19.0,19833.0,3.0,0.0
0.0,0.0,1.0,3.0,19.0,19833.0,4.0,0.0
0.0,0.0,1.0,3.0,19.0,19834.0,1.0,0.0
0.0,0.0,1.0,3.0,19.0,19834.0,2.0,0.0
0.0,0.0,1.0,3.0,19.0,19834.0,3.0,0.0
0.0,0.0,1.0,3.0,19.0,19834.0,4.0,0.0
0.0,0.0,1.0,3.0,19.0,19835.0,1.0,0.0
0.0,0.0,1.0,3.0,19.0,19835.0,2.0,0.0
0.0,0.0,1.0,3.0,19.0,19835.0,3.0,0.0
0.0,0.0,1.0,3.0,19.0,19835.0,4.0,0.0
0.0,0.0,1.0,3.0,19.0,19836.0,1.0,0.0
0.0,0.0,1.0,3.0,19.0,19836.0,2.0,0.0
0.0,0.0,1.0,3.0,19.0,19836.0,3.0,0.0
0.0,0.0,1.0,3.0,19.0,19836.0,4.0,0.0
0.0,0.0,1.0,3.0,19.0,19837.0,1.0,0.0
0.0,0.0,1.0,3.0,19.0,19837.0,2.0,0.0
0.0,0.0,1.0,3.0,19.0,19837.0,3.0,0.0
0.0,0.0,1.0,3.0,19.0,19837.0,4.0,0.0
0.0,0.0,1.0,3.0,19.0,19838.0,1.0,0.0
0.0,0.0,1.0,3.0,19.0,19838.0,2.0,0.0
0.0,0.0,1.0,3.0,19.0,19838.0,3.0,0.0
0.0,0.0,1.0,3.0,19.0,19839.0,1.0,0.0
0.0,0.0,1.0,3.0,19.0,19839.0,2.0,0.0
0.0,0.0,1.0,3.0,19.0,19839.0,3.0,0.0
0.0,0.0,1.0,3.0,19.0,19839.0,4.0,0.0
0.0,0.0,1.0,3.0,19.0,19840.0,1.0,0.0
0.0,0.0,1.0,3.0,19.0,19840.0,2.0,0.0
0.0,0.0,1.0,3.0,19.0,19840.0,3.0,0.0
0.0,0.0,1.0,3.0,19.0,19840.0,4.0,0.0
0.0,0.0,1.0,3.0,19.0,19841.0,1.0,0.0
0.0,0.0,1.0,3.0,19.0,19841.0,2.0,0.0
0.0,0.0,1.0,3.0,19.0,19841.0,3.0,0.0
0.0,0.0,1.0,3.0,19.0,19841.0,4.0,0.0
1.0,2.0,1.0,3.0,19.0,19842.0,1.0,1.0
0.0,0.0,1.0,2.0,18.0,19848.0,1.0,0.0
0.0,0.0,1.0,2.0,18.0,19848.0,2.0,0.0
0.0,0.0,1.0,2.0,18.0,19848.0,3.0,0.0
0.0,0.0,1.0,2.0,18.0,19848.0,4.0,0.0
0.0,0.0,1.0,2.0,18.0,19848.0,5.0,0.0
0.0,0.0,1.0,2.0,18.0,19848.0,6.0,0.0
0.0,0.0,1.0,2.0,18.0,19848.0,7.0,0.0
0.0,0.0,1.0,2.0,18.0,19849.0,1.0,0.0
0.0,0.0,1.0,2.0,18.0,19849.0,2.0,0.0
0.0,0.0,1.0,2.0,18.0,19849.0,3.0,0.0
0.0,0.0,1.0,2.0,18.0,19849.0,4.0,0.0
0.0,0.0,1.0,2.0,18.0,19849.0,5.0,0.0
0.0,0.0,1.0,2.0,18.0,19849.0,6.0,0.0
0.0,0.0,1.0,2.0,18.0,19849.0,7.0,0.0
0.0,0.0,1.0,2.0,18.0,19850.0,1.0,0.0
0.0,0.0,1.0,2.0,18.0,19850.0,2.0,0.0
0.0,0.0,1.0,2.0,18.0,19850.0,3.0,0.0
0.0,0.0,1.0,2.0,18.0,19850.0,4.0,0.0
0.0,0.0,1.0,2.0,18.0,19850.0,5.0,0.0
0.0,0.0,1.0,2.0,18.0,19850.0,6.0,0.0
0.0,0.0,1.0,2.0,18.0,19850.0,7.0,0.0
0.0,0.0,1.0,2.0,18.0,19851.0,1.0,0.0
0.0,0.0,1.0,2.0,18.0,19851.0,2.0,0.0
0.0,0.0,1.0,2.0,18.0,19851.0,3.0,0.0
0.0,0.0,1.0,2.0,18.0,19851.0,4.0,0.0
0.0,0.0,1.0,2.0,18.0,19851.0,5.0,0.0
0.0,0.0,1.0,2.0,18.0,19851.0,6.0,0.0
0.0,0.0,1.0,2.0,18.0,19851.0,7.0,0.0
0.0,0.0,1.0,2.0,18.0,19852.0,1.0,0.0
0.0,0.0,1.0,2.0,18.0,19852.0,2.0,0.0
1.0,8.0,1.0,2.0,18.0,19852.0,3.0,1.0
1.0,16.0,1.0,2.0,18.0,19852.0,4.0,1.0
0.0,0.0,1.0,2.0,18.0,19853.0,1.0,0.0
0.0,0.0,1.0,2.0,18.0,19853.0,2.0,0.0
0.0,0.0,1.0,2.0,18.0,19853.0,3.0,0.0
0.0,0.0,1.0,2.0,18.0,19853.0,4.0,0.0
0.0,0.0,1.0,2.0,18.0,19853.0,5.0,0.0
0.0,0.0,1.0,2.0,18.0,19853.0,6.0,0.0
0.0,0.0,1.0,2.0,18.0,19853.0,7.0,0.0
0.0,0.0,1.0,2.0,18.0,19854.0,1.0,0.0
0.0,0.0,1.0,2.0,18.0,19854.0,2.0,0.0
0.0,0.0,1.0,2.0,18.0,19854.0,3.0,0.0
0.0,0.0,1.0,2.0,18.0,19854.0,4.0,0.0
0.0,0.0,1.0,2.0,18.0,19854.0,5.0,0.0
0.0,0.0,1.0,2.0,18.0,19854.0,6.0,0.0
0.0,0.0,1.0,2.0,18.0,19854.0,7.0,0.0
0.0,0.0,1.0,2.0,7.0,92637.0,1.0,0.0
0.0,0.0,1.0,2.0,7.0,92637.0,2.0,0.0
0.0,0.0,1.0,2.0,7.0,92637.0,3.0,0.0
0.0,0.0,1.0,2.0,7.0,92637.0,4.0,0.0
0.0,0.0,1.0,2.0,7.0,92637.0,5.0,0.0
0.0,0.0,1.0,2.0,7.0,92637.0,6.0,0.0
0.0,0.0,1.0,2.0,7.0,92637.0,7.0,0.0
0.0,0.0,1.0,2.0,7.0,92638.0,1.0,0.0
0.0,0.0,1.0,2.0,7.0,92638.0,2.0,0.0
0.0,0.0,1.0,2.0,7.0,92638.0,3.0,0.0
0.0,0.0,1.0,2.0,7.0,92638.0,4.0,0.0
0.0,0.0,1.0,2.0,7.0,92639.0,1.0,0.0
0.0,0.0,1.0,2.0,7.0,92639.0,2.0,0.0
0.0,0.0,1.0,2.0,7.0,92639.0,3.0,0.0
0.0,0.0,1.0,2.0,7.0,92639.0,4.0,0.0
0.0,0.0,1.0,2.0,7.0,92640.0,1.0,0.0
0.0,0.0,1.0,2.0,7.0,92640.0,2.0,0.0
0.0,0.0,1.0,2.0,7.0,92640.0,3.0,0.0
0.0,0.0,1.0,2.0,7.0,92640.0,4.0,0.0
0.0,0.0,1.0,2.0,7.0,92641.0,1.0,0.0
0.0,0.0,1.0,2.0,7.0,92641.0,2.0,0.0
0.0,0.0,1.0,2.0,7.0,92641.0,3.0,0.0
0.0,0.0,1.0,2.0,7.0,92641.0,4.0,0.0
0.0,0.0,1.0,2.0,7.0,92641.0,5.0,0.0
0.0,0.0,1.0,2.0,7.0,92641.0,6.0,0.0
0.0,0.0,1.0,2.0,7.0,92641.0,7.0,0.0
0.0,0.0,1.0,2.0,7.0,92642.0,1.0,0.0
0.0,0.0,1.0,2.0,7.0,92642.0,2.0,0.0
0.0,0.0,1.0,2.0,7.0,92642.0,3.0,0.0
0.0,0.0,1.0,2.0,7.0,92642.0,4.0,0.0
1.0,2.0,1.0,2.0,7.0,92643.0,1.0,1.0
1.0,4.0,1.0,2.0,7.0,92643.0,2.0,1.0
0.0,0.0,1.0,2.0,7.0,92643.0,3.0,0.0
1.0,16.0,1.0,2.0,7.0,92643.0,4.0,1.0
1.0,32.0,1.0,2.0,7.0,92643.0,5.0,1.0
0.0,0.0,1.0,2.0,7.0,92643.0,6.0,0.0
0.0,0.0,1.0,2.0,7.0,92644.0,1.0,0.0
0.0,0.0,1.0,2.0,7.0,92644.0,2.0,0.0
0.0,0.0,1.0,2.0,7.0,92644.0,3.0,0.0
1.0,16.0,1.0,2.0,7.0,92644.0,4.0,1.0
1.0,32.0,1.0,2.0,7.0,92644.0,5.0,1.0
0.0,0.0,1.0,2.0,7.0,92644.0,6.0,0.0
0.0,0.0,1.0,2.0,7.0,92644.0,7.0,0.0
0.0,0.0,1.0,2.0,7.0,92644.0,8.0,0.0
0.0,0.0,1.0,2.0,7.0,92644.0,9.0,0.0
0.0,0.0,1.0,2.0,7.0,92645.0,1.0,0.0
0.0,0.0,1.0,2.0,7.0,92645.0,2.0,0.0
0.0,0.0,1.0,2.0,7.0,92645.0,3.0,0.0
0.0,0.0,1.0,2.0,7.0,92645.0,4.0,0.0
0.0,0.0,1.0,2.0,7.0,92646.0,1.0,0.0
0.0,0.0,1.0,2.0,7.0,92646.0,2.0,0.0
0.0,0.0,1.0,2.0,7.0,92646.0,3.0,0.0
0.0,0.0,1.0,2.0,7.0,92646.0,4.0,0.0
0.0,0.0,1.0,2.0,7.0,92646.0,5.0,0.0
0.0,0.0,1.0,2.0,7.0,92646.0,6.0,0.0
0.0,0.0,1.0,2.0,7.0,92646.0,7.0,0.0
0.0,0.0,1.0,2.0,7.0,92647.0,1.0,0.0
0.0,0.0,1.0,2.0,7.0,92647.0,2.0,0.0
0.0,0.0,1.0,2.0,7.0,92647.0,3.0,0.0
0.0,0.0,1.0,2.0,7.0,92647.0,4.0,0.0
0.0,0.0,1.0,2.0,7.0,92648.0,1.0,0.0
0.0,0.0,1.0,2.0,7.0,92648.0,2.0,0.0
0.0,0.0,1.0,2.0,7.0,92648.0,3.0,0.0
0.0,0.0,1.0,2.0,7.0,92648.0,4.0,0.0
0.0,0.0,1.0,2.0,7.0,92649.0,1.0,0.0
0.0,0.0,1.0,2.0,7.0,92649.0,2.0,0.0
0.0,0.0,1.0,2.0,7.0,92649.0,3.0,0.0
0.0,0.0,1.0,2.0,7.0,92649.0,4.0,0.0
0.0,0.0,1.0,2.0,7.0,92650.0,1.0,0.0
0.0,0.0,1.0,2.0,7.0,92650.0,2.0,0.0
0.0,0.0,1.0,2.0,7.0,92650.0,3.0,0.0
0.0,0.0,1.0,2.0,7.0,92650.0,4.0,0.0
0.0,0.0,1.0,2.0,7.0,92651.0,1.0,0.0
0.0,0.0,1.0,2.0,7.0,92651.0,2.0,0.0
0.0,0.0,1.0,2.0,7.0,92651.0,3.0,0.0
0.0,0.0,1.0,2.0,7.0,92651.0,4.0,0.0
0.0,0.0,1.0,2.0,7.0,92652.0,1.0,0.0
0.0,0.0,1.0,2.0,7.0,92652.0,2.0,0.0
0.0,0.0,1.0,2.0,7.0,92652.0,3.0,0.0
0.0,0.0,1.0,2.0,7.0,92652.0,4.0,0.0
0.0,0.0,1.0,2.0,7.0,92652.0,5.0,0.0
0.0,0.0,1.0,2.0,7.0,92652.0,6.0,0.0
0.0,0.0,1.0,2.0,7.0,92652.0,7.0,0.0
0.0,0.0,1.0,2.0,7.0,92653.0,1.0,0.0
0.0,0.0,1.0,2.0,7.0,92653.0,2.0,0.0
0.0,0.0,1.0,2.0,7.0,92653.0,3.0,0.0
0.0,0.0,1.0,2.0,7.0,92653.0,4.0,0.0
0.0,0.0,1.0,2.0,7.0,92654.0,1.0,0.0
0.0,0.0,1.0,2.0,7.0,92654.0,2.0,0.0
0.0,0.0,1.0,2.0,7.0,92654.0,3.0,0.0
0.0,0.0,1.0,2.0,7.0,92654.0,4.0,0.0
0.0,0.0,1.0,2.0,7.0,92655.0,1.0,0.0
0.0,0.0,1.0,2.0,7.0,92655.0,2.0,0.0
0.0,0.0,1.0,2.0,7.0,92655.0,3.0,0.0
0.0,0.0,1.0,2.0,7.0,92655.0,4.0,0.0
0.0,0.0,1.0,2.0,7.0,92656.0,1.0,0.0
0.0,0.0,1.0,2.0,7.0,92656.0,2.0,0.0
0.0,0.0,1.0,2.0,7.0,92656.0,3.0,0.0
0.0,0.0,1.0,2.0,7.0,92656.0,4.0,0.0
0.0,0.0,1.0,2.0,7.0,92657.0,1.0,0.0
0.0,0.0,1.0,2.0,7.0,92657.0,2.0,0.0
0.0,0.0,1.0,2.0,7.0,92657.0,3.0,0.0
0.0,0.0,1.0,2.0,7.0,92657.0,4.0,0.0
0.0,0.0,1.0,2.0,7.0,92658.0,1.0,0.0
0.0,0.0,1.0,2.0,7.0,92658.0,2.0,0.0
0.0,0.0,1.0,2.0,7.0,92658.0,3.0,0.0
0.0,0.0,1.0,2.0,7.0,92658.0,4.0,0.0
0.0,0.0,1.0,2.0,7.0,92659.0,1.0,0.0
0.0,0.0,1.0,2.0,7.0,92659.0,2.0,0.0
0.0,0.0,1.0,2.0,7.0,92659.0,3.0,0.0
0.0,0.0,1.0,2.0,7.0,92659.0,4.0,0.0
0.0,0.0,1.0,2.0,7.0,92659.0,5.0,0.0
0.0,0.0,1.0,2.0,7.0,92659.0,6.0,0.0
0.0,0.0,1.0,2.0,7.0,92659.0,7.0,0.0
0.0,0.0,1.0,2.0,7.0,92660.0,1.0,0.0
0.0,0.0,1.0,2.0,7.0,92660.0,2.0,0.0
0.0,0.0,1.0,2.0,7.0,92660.0,3.0,0.0
0.0,0.0,1.0,2.0,7.0,92660.0,4.0,0.0
0.0,0.0,1.0,2.0,7.0,92660.0,5.0,0.0
0.0,0.0,1.0,2.0,7.0,92660.0,6.0,0.0
0.0,0.0,1.0,2.0,7.0,92660.0,7.0,0.0
0.0,0.0,1.0,2.0,7.0,92661.0,1.0,0.0
0.0,0.0,1.0,2.0,7.0,92661.0,2.0,0.0
0.0,0.0,1.0,2.0,7.0,92661.0,3.0,0.0
0.0,0.0,1.0,2.0,7.0,92661.0,4.0,0.0
0.0,0.0,1.0,2.0,7.0,92662.0,1.0,0.0
0.0,0.0,1.0,2.0,7.0,92662.0,2.0,0.0
0.0,0.0,1.0,2.0,7.0,92662.0,3.0,0.0
0.0,0.0,1.0,2.0,7.0,92662.0,4.0,0.0
0.0,0.0,1.0,2.0,7.0,92663.0,1.0,0.0
0.0,0.0,1.0,2.0,7.0,92663.0,2.0,0.0
0.0,0.0,1.0,2.0,7.0,92663.0,3.0,0.0
0.0,0.0,1.0,2.0,7.0,92663.0,4.0,0.0
0.0,0.0,1.0,2.0,7.0,92664.0,1.0,0.0
0.0,0.0,1.0,2.0,7.0,92664.0,2.0,0.0
0.0,0.0,1.0,2.0,7.0,92664.0,3.0,0.0
0.0,0.0,1.0,2.0,7.0,92664.0,4.0,0.0
0.0,0.0,1.0,2.0,7.0,92664.0,5.0,0.0
0.0,0.0,1.0,2.0,7.0,92664.0,6.0,0.0
0.0,0.0,1.0,2.0,7.0,92664.0,7.0,0.0
0.0,0.0,1.0,2.0,7.0,92665.0,1.0,0.0
0.0,0.0,1.0,2.0,7.0,92665.0,2.0,0.0
0.0,0.0,1.0,2.0,7.0,92665.0,3.0,0.0
0.0,0.0,1.0,2.0,7.0,92665.0,4.0,0.0
0.0,0.0,1.0,2.0,7.0,92666.0,1.0,0.0
0.0,0.0,1.0,2.0,7.0,92666.0,2.0,0.0
0.0,0.0,1.0,2.0,7.0,92666.0,3.0,0.0
0.0,0.0,1.0,2.0,7.0,92666.0,4.0,0.0
1.0,2.0,1.0,2.0,7.0,92667.0,1.0,1.0
0.0,0.0,1.0,2.0,7.0,92667.0,2.0,0.0
0.0,0.0,1.0,2.0,7.0,92667.0,3.0,0.0
0.0,0.0,1.0,2.0,7.0,92667.0,4.0,0.0
1.0,2.0,1.0,2.0,7.0,92668.0,1.0,1.0
0.0,0.0,1.0,2.0,7.0,92668.0,2.0,0.0
0.0,0.0,1.0,2.0,7.0,92668.0,3.0,0.0
0.0,0.0,1.0,2.0,7.0,92668.0,4.0,0.0
1.0,2.0,1.0,2.0,7.0,92669.0,1.0,1.0
0.0,0.0,1.0,2.0,7.0,92669.0,2.0,0.0
0.0,0.0,1.0,2.0,7.0,92669.0,3.0,0.0
0.0,0.0,1.0,2.0,7.0,92669.0,4.0,0.0
1.0,2.0,1.0,2.0,7.0,92670.0,1.0,1.0
0.0,0.0,1.0,2.0,7.0,92670.0,2.0,0.0
0.0,0.0,1.0,2.0,7.0,92670.0,3.0,0.0
0.0,0.0,1.0,2.0,7.0,92670.0,4.0,0.0
0.0,0.0,1.0,2.0,7.0,92670.0,5.0,0.0
0.0,0.0,1.0,2.0,7.0,92670.0,6.0,0.0
0.0,0.0,1.0,2.0,7.0,92670.0,7.0,0.0
0.0,0.0,1.0,2.0,7.0,92671.0,1.0,0.0
0.0,0.0,1.0,2.0,7.0,92671.0,2.0,0.0
0.0,0.0,1.0,2.0,7.0,92671.0,3.0,0.0
0.0,0.0,1.0,2.0,7.0,92671.0,4.0,0.0
0.0,0.0,1.0,2.0,7.0,92671.0,5.0,0.0
0.0,0.0,1.0,2.0,7.0,92671.0,6.0,0.0
0.0,0.0,1.0,2.0,7.0,92671.0,7.0,0.0
0.0,0.0,1.0,2.0,7.0,92672.0,1.0,0.0
0.0,0.0,1.0,2.0,7.0,92672.0,2.0,0.0
0.0,0.0,1.0,2.0,7.0,92672.0,3.0,0.0
0.0,0.0,1.0,2.0,7.0,92672.0,4.0,0.0
0.0,0.0,1.0,2.0,7.0,92673.0,1.0,0.0
0.0,0.0,1.0,2.0,7.0,92673.0,2.0,0.0
0.0,0.0,1.0,2.0,7.0,92673.0,3.0,0.0
0.0,0.0,1.0,2.0,7.0,92673.0,4.0,0.0
0.0,0.0,1.0,2.0,7.0,92675.0,1.0,0.0
0.0,0.0,1.0,2.0,7.0,92675.0,2.0,0.0
0.0,0.0,1.0,2.0,7.0,92675.0,3.0,0.0
0.0,0.0,1.0,2.0,7.0,92675.0,4.0,0.0
0.0,0.0,1.0,2.0,7.0,92675.0,5.0,0.0
0.0,0.0,1.0,2.0,7.0,92675.0,6.0,0.0
0.0,0.0,1.0,2.0,7.0,92675.0,7.0,0.0
0.0,0.0,1.0,2.0,7.0,92676.0,1.0,0.0
0.0,0.0,1.0,2.0,7.0,92676.0,2.0,0.0
0.0,0.0,1.0,2.0,7.0,92676.0,3.0,0.0
0.0,0.0,1.0,2.0,7.0,92676.0,4.0,0.0
0.0,0.0,1.0,2.0,7.0,92676.0,5.0,0.0
0.0,0.0,1.0,2.0,7.0,92676.0,6.0,0.0
0.0,0.0,1.0,2.0,7.0,92676.0,7.0,0.0
0.0,0.0,1.0,2.0,7.0,92677.0,1.0,0.0
0.0,0.0,1.0,2.0,7.0,92677.0,2.0,0.0
0.0,0.0,1.0,2.0,7.0,92677.0,3.0,0.0
0.0,0.0,1.0,2.0,7.0,92677.0,4.0,0.0
0.0,0.0,1.0,2.0,7.0,92677.0,5.0,0.0
0.0,0.0,1.0,2.0,7.0,92677.0,6.0,0.0
0.0,0.0,1.0,2.0,7.0,92677.0,7.0,0.0
0.0,0.0,1.0,2.0,7.0,92678.0,1.0,0.0
0.0,0.0,1.0,2.0,7.0,92678.0,2.0,0.0
0.0,0.0,1.0,2.0,7.0,92678.0,3.0,0.0
0.0,0.0,1.0,2.0,7.0,92678.0,4.0,0.0
0.0,0.0,1.0,2.0,7.0,92678.0,5.0,0.0
0.0,0.0,1.0,2.0,7.0,92678.0,6.0,0.0
0.0,0.0,1.0,2.0,7.0,92678.0,7.0,0.0
0.0,0.0,1.0,2.0,7.0,92679.0,1.0,0.0
0.0,0.0,1.0,2.0,7.0,92679.0,2.0,0.0
0.0,0.0,1.0,2.0,7.0,92679.0,3.0,0.0
0.0,0.0,1.0,2.0,7.0,92679.0,4.0,0.0
0.0,0.0,1.0,2.0,7.0,92679.0,5.0,0.0
0.0,0.0,1.0,2.0,7.0,92679.0,6.0,0.0
0.0,0.0,1.0,2.0,7.0,92679.0,7.0,0.0
0.0,0.0,1.0,2.0,7.0,92680.0,1.0,0.0
0.0,0.0,1.0,2.0,7.0,92680.0,2.0,0.0
0.0,0.0,1.0,2.0,7.0,92680.0,3.0,0.0
0.0,0.0,1.0,2.0,7.0,92680.0,4.0,0.0
0.0,0.0,1.0,2.0,7.0,92680.0,5.0,0.0
0.0,0.0,1.0,2.0,7.0,92680.0,6.0,0.0
0.0,0.0,1.0,2.0,7.0,92680.0,7.0,0.0
0.0,0.0,1.0,2.0,7.0,92681.0,1.0,0.0
0.0,0.0,1.0,2.0,7.0,92681.0,2.0,0.0
0.0,0.0,1.0,2.0,7.0,92681.0,3.0,0.0
0.0,0.0,1.0,2.0,7.0,92681.0,4.0,0.0
0.0,0.0,1.0,2.0,7.0,92681.0,5.0,0.0
0.0,0.0,1.0,2.0,7.0,92681.0,6.0,0.0
0.0,0.0,1.0,2.0,7.0,92681.0,7.0,0.0
0.0,0.0,1.0,2.0,7.0,92682.0,1.0,0.0
0.0,0.0,1.0,2.0,7.0,92682.0,2.0,0.0
0.0,0.0,1.0,2.0,7.0,92682.0,3.0,0.0
0.0,0.0,1.0,2.0,7.0,92682.0,4.0,0.0
0.0,0.0,1.0,2.0,7.0,92682.0,5.0,0.0
0.0,0.0,1.0,2.0,7.0,92682.0,6.0,0.0
0.0,0.0,1.0,2.0,7.0,92682.0,7.0,0.0
1.0,2.0,1.0,2.0,7.0,92683.0,1.0,1.0
0.0,0.0,1.0,2.0,7.0,92683.0,2.0,0.0
0.0,0.0,1.0,2.0,7.0,92683.0,3.0,0.0
0.0,0.0,1.0,2.0,7.0,92683.0,4.0,0.0
0.0,0.0,1.0,2.0,7.0,92683.0,5.0,0.0
0.0,0.0,1.0,2.0,7.0,92683.0,6.0,0.0
0.0,0.0,1.0,2.0,7.0,92683.0,7.0,0.0
0.0,0.0,1.0,2.0,7.0,92684.0,1.0,0.0
1.0,4.0,1.0,2.0,7.0,92684.0,2.0,1.0
0.0,0.0,1.0,2.0,7.0,92684.0,3.0,0.0
1.0,16.0,1.0,2.0,7.0,92684.0,4.0,1.0
0.0,0.0,1.0,2.0,7.0,92684.0,5.0,0.0
0.0,0.0,1.0,2.0,7.0,92684.0,6.0,0.0
1.0,128.0,1.0,2.0,7.0,92684.0,7.0,1.0
0.0,0.0,1.0,2.0,7.0,92684.0,8.0,0.0
0.0,0.0,1.0,2.0,7.0,92684.0,9.0,0.0
0.0,0.0,1.0,2.0,7.0,92684.0,10.0,0.0
0.0,0.0,1.0,2.0,7.0,92685.0,1.0,0.0
0.0,0.0,1.0,2.0,7.0,92685.0,2.0,0.0
0.0,0.0,1.0,2.0,7.0,92685.0,3.0,0.0
0.0,0.0,1.0,2.0,7.0,92685.0,4.0,0.0
0.0,0.0,1.0,2.0,7.0,92685.0,5.0,0.0
0.0,0.0,1.0,2.0,7.0,92685.0,6.0,0.0
0.0,0.0,1.0,2.0,7.0,92685.0,7.0,0.0
0.0,0.0,1.0,2.0,7.0,92686.0,1.0,0.0
0.0,0.0,1.0,2.0,7.0,92686.0,2.0,0.0
0.0,0.0,1.0,2.0,7.0,92686.0,3.0,0.0
0.0,0.0,1.0,2.0,7.0,92686.0,4.0,0.0
0.0,0.0,1.0,2.0,7.0,92686.0,5.0,0.0
0.0,0.0,1.0,2.0,7.0,92686.0,6.0,0.0
0.0,0.0,1.0,2.0,7.0,92686.0,7.0,0.0
0.0,0.0,1.0,2.0,7.0,92687.0,1.0,0.0
0.0,0.0,1.0,2.0,7.0,92687.0,2.0,0.0
0.0,0.0,1.0,2.0,7.0,92687.0,3.0,0.0
0.0,0.0,1.0,2.0,7.0,92687.0,4.0,0.0
0.0,0.0,1.0,2.0,7.0,92687.0,5.0,0.0
0.0,0.0,1.0,2.0,7.0,92687.0,6.0,0.0
0.0,0.0,1.0,2.0,7.0,92687.0,7.0,0.0
0.0,0.0,1.0,2.0,7.0,92688.0,1.0,0.0
0.0,0.0,1.0,2.0,7.0,92688.0,2.0,0.0
0.0,0.0,1.0,2.0,7.0,92688.0,3.0,0.0
0.0,0.0,1.0,2.0,7.0,92688.0,4.0,0.0
0.0,0.0,1.0,2.0,7.0,92688.0,5.0,0.0
0.0,0.0,1.0,2.0,7.0,92688.0,6.0,0.0
0.0,0.0,1.0,2.0,7.0,92688.0,7.0,0.0
0.0,0.0,1.0,2.0,7.0,92689.0,1.0,0.0
0.0,0.0,1.0,2.0,7.0,92689.0,2.0,0.0
0.0,0.0,1.0,2.0,7.0,92689.0,3.0,0.0
0.0,0.0,1.0,2.0,7.0,92689.0,4.0,0.0
0.0,0.0,1.0,2.0,7.0,92689.0,5.0,0.0
0.0,0.0,1.0,2.0,7.0,92689.0,6.0,0.0
0.0,0.0,1.0,2.0,7.0,92689.0,7.0,0.0
1.0,2.0,1.0,2.0,7.0,92690.0,1.0,1.0
1.0,4.0,1.0,2.0,7.0,92690.0,2.0,1.0
1.0,8.0,1.0,2.0,7.0,92690.0,3.0,1.0
0.0,0.0,1.0,2.0,7.0,92691.0,1.0,0.0
0.0,0.0,1.0,2.0,7.0,92691.0,2.0,0.0
1.0,8.0,1.0,2.0,7.0,92691.0,3.0,1.0
0.0,0.0,1.0,2.0,7.0,92691.0,4.0,0.0
0.0,0.0,1.0,2.0,7.0,92691.0,5.0,0.0
0.0,0.0,1.0,2.0,7.0,92691.0,6.0,0.0
0.0,0.0,1.0,2.0,7.0,92691.0,7.0,0.0
0.0,0.0,1.0,2.0,7.0,92692.0,1.0,0.0
0.0,0.0,1.0,2.0,7.0,92692.0,2.0,0.0
1.0,8.0,1.0,2.0,7.0,92692.0,3.0,1.0
0.0,0.0,1.0,2.0,7.0,92692.0,4.0,0.0
0.0,0.0,1.0,2.0,7.0,92692.0,5.0,0.0
0.0,0.0,1.0,2.0,7.0,92692.0,6.0,0.0
0.0,0.0,1.0,2.0,7.0,92692.0,7.0,0.0
0.0,0.0,1.0,2.0,7.0,92693.0,1.0,0.0
0.0,0.0,1.0,2.0,7.0,92693.0,2.0,0.0
1.0,8.0,1.0,2.0,7.0,92693.0,3.0,1.0
0.0,0.0,1.0,2.0,7.0,92693.0,4.0,0.0
0.0,0.0,1.0,2.0,7.0,92693.0,5.0,0.0
0.0,0.0,1.0,2.0,7.0,92693.0,6.0,0.0
0.0,0.0,1.0,2.0,7.0,92693.0,7.0,0.0
0.0,0.0,1.0,2.0,7.0,92694.0,1.0,0.0
0.0,0.0,1.0,2.0,7.0,92694.0,2.0,0.0
0.0,0.0,1.0,2.0,7.0,92694.0,3.0,0.0
0.0,0.0,1.0,2.0,7.0,92694.0,4.0,0.0
0.0,0.0,1.0,2.0,7.0,92694.0,5.0,0.0
0.0,0.0,1.0,2.0,7.0,92694.0,6.0,0.0
0.0,0.0,1.0,2.0,7.0,92694.0,7.0,0.0
0.0,0.0,1.0,2.0,7.0,92695.0,1.0,0.0
0.0,0.0,1.0,2.0,7.0,92695.0,2.0,0.0
0.0,0.0,1.0,2.0,7.0,92695.0,3.0,0.0
0.0,0.0,1.0,2.0,7.0,92695.0,4.0,0.0
0.0,0.0,1.0,2.0,7.0,92696.0,1.0,0.0
0.0,0.0,1.0,2.0,7.0,92696.0,2.0,0.0
0.0,0.0,1.0,2.0,7.0,92696.0,3.0,0.0
0.0,0.0,1.0,2.0,7.0,92696.0,4.0,0.0
0.0,0.0,1.0,2.0,7.0,92696.0,5.0,0.0
0.0,0.0,1.0,2.0,7.0,92696.0,6.0,0.0
0.0,0.0,1.0,2.0,7.0,92696.0,7.0,0.0
0.0,0.0,1.0,2.0,7.0,92697.0,1.0,0.0
0.0,0.0,1.0,2.0,7.0,92697.0,2.0,0.0
0.0,0.0,1.0,2.0,7.0,92697.0,3.0,0.0
0.0,0.0,1.0,2.0,7.0,92697.0,4.0,0.0
0.0,0.0,1.0,2.0,7.0,92698.0,1.0,0.0
0.0,0.0,1.0,2.0,7.0,92698.0,2.0,0.0
1.0,8.0,1.0,2.0,7.0,92698.0,3.0,1.0
1.0,16.0,1.0,2.0,7.0,92698.0,4.0,1.0
0.0,0.0,1.0,2.0,7.0,92698.0,5.0,0.0
1.0,64.0,1.0,2.0,7.0,92698.0,6.0,1.0
0.0,0.0,1.0,2.0,7.0,92698.0,7.0,0.0
0.0,0.0,1.0,2.0,7.0,92699.0,1.0,0.0
0.0,0.0,1.0,2.0,7.0,92699.0,2.0,0.0
1.0,8.0,1.0,2.0,7.0,92699.0,3.0,1.0
1.0,16.0,1.0,2.0,7.0,92699.0,4.0,1.0
0.0,0.0,1.0,2.0,7.0,92699.0,5.0,0.0
1.0,64.0,1.0,2.0,7.0,92699.0,6.0,1.0
0.0,0.0,1.0,2.0,7.0,92699.0,7.0,0.0
0.0,0.0,1.0,2.0,7.0,92700.0,1.0,0.0
0.0,0.0,1.0,2.0,7.0,92700.0,2.0,0.0
0.0,0.0,1.0,2.0,7.0,92700.0,3.0,0.0
0.0,0.0,1.0,2.0,7.0,92700.0,4.0,0.0
0.0,0.0,1.0,2.0,7.0,92701.0,1.0,0.0
0.0,0.0,1.0,2.0,7.0,92701.0,2.0,0.0
0.0,0.0,1.0,2.0,7.0,92701.0,3.0,0.0
0.0,0.0,1.0,2.0,7.0,92701.0,4.0,0.0
0.0,0.0,1.0,2.0,7.0,92701.0,5.0,0.0
0.0,0.0,1.0,2.0,7.0,92701.0,6.0,0.0
0.0,0.0,1.0,2.0,7.0,92701.0,7.0,0.0
0.0,0.0,1.0,2.0,7.0,92702.0,1.0,0.0
0.0,0.0,1.0,2.0,7.0,92702.0,2.0,0.0
0.0,0.0,1.0,2.0,7.0,92702.0,3.0,0.0
0.0,0.0,1.0,2.0,7.0,92702.0,4.0,0.0
0.0,0.0,1.0,2.0,7.0,92702.0,5.0,0.0
0.0,0.0,1.0,2.0,7.0,92702.0,6.0,0.0
0.0,0.0,1.0,2.0,7.0,92702.0,7.0,0.0
0.0,0.0,1.0,2.0,7.0,92703.0,1.0,0.0
0.0,0.0,1.0,2.0,7.0,92703.0,2.0,0.0
0.0,0.0,1.0,2.0,7.0,92703.0,3.0,0.0
0.0,0.0,1.0,2.0,7.0,92703.0,4.0,0.0
0.0,0.0,1.0,2.0,7.0,92704.0,1.0,0.0
0.0,0.0,1.0,2.0,7.0,92704.0,2.0,0.0
0.0,0.0,1.0,2.0,7.0,92704.0,3.0,0.0
0.0,0.0,1.0,2.0,7.0,92704.0,4.0,0.0
0.0,0.0,1.0,2.0,7.0,92705.0,1.0,0.0
0.0,0.0,1.0,2.0,7.0,92705.0,2.0,0.0
0.0,0.0,1.0,2.0,7.0,92705.0,3.0,0.0
0.0,0.0,1.0,2.0,7.0,92705.0,4.0,0.0
0.0,0.0,1.0,2.0,7.0,92706.0,1.0,0.0
1.0,4.0,1.0,2.0,7.0,92706.0,2.0,1.0
0.0,0.0,1.0,2.0,7.0,92706.0,3.0,0.0
0.0,0.0,1.0,2.0,7.0,92706.0,4.0,0.0
0.0,0.0,1.0,2.0,7.0,92706.0,5.0,0.0
0.0,0.0,1.0,2.0,7.0,92706.0,6.0,0.0
0.0,0.0,1.0,2.0,7.0,92706.0,7.0,0.0
0.0,0.0,1.0,2.0,7.0,92707.0,1.0,0.0
0.0,0.0,1.0,2.0,7.0,92707.0,2.0,0.0
0.0,0.0,1.0,2.0,7.0,92707.0,3.0,0.0
0.0,0.0,1.0,2.0,7.0,92707.0,4.0,0.0
0.0,0.0,1.0,2.0,7.0,92707.0,5.0,0.0
0.0,0.0,1.0,2.0,7.0,92707.0,6.0,0.0
0.0,0.0,1.0,2.0,7.0,92707.0,7.0,0.0
0.0,0.0,1.0,2.0,7.0,92708.0,1.0,0.0
0.0,0.0,1.0,2.0,7.0,92708.0,2.0,0.0
0.0,0.0,1.0,2.0,7.0,92708.0,3.0,0.0
0.0,0.0,1.0,2.0,7.0,92708.0,4.0,0.0
0.0,0.0,1.0,2.0,7.0,92708.0,5.0,0.0
0.0,0.0,1.0,2.0,7.0,92708.0,6.0,0.0
0.0,0.0,1.0,2.0,7.0,92708.0,7.0,0.0
0.0,0.0,1.0,3.0,13.0,93048.0,1.0,0.0
0.0,0.0,1.0,3.0,13.0,93048.0,2.0,0.0
0.0,0.0,1.0,3.0,13.0,93048.0,3.0,0.0
0.0,0.0,1.0,3.0,13.0,93048.0,4.0,0.0
0.0,0.0,1.0,3.0,13.0,93048.0,5.0,0.0
0.0,0.0,1.0,3.0,13.0,93048.0,6.0,0.0
0.0,0.0,1.0,3.0,13.0,93048.0,7.0,0.0
0.0,0.0,1.0,3.0,13.0,93049.0,1.0,0.0
0.0,0.0,1.0,3.0,13.0,93049.0,2.0,0.0
0.0,0.0,1.0,3.0,13.0,93049.0,3.0,0.0
0.0,0.0,1.0,3.0,13.0,93049.0,4.0,0.0
0.0,0.0,1.0,3.0,13.0,93050.0,1.0,0.0
0.0,0.0,1.0,3.0,13.0,93050.0,2.0,0.0
0.0,0.0,1.0,3.0,13.0,93050.0,3.0,0.0
0.0,0.0,1.0,3.0,13.0,93050.0,4.0,0.0
0.0,0.0,1.0,3.0,13.0,93051.0,1.0,0.0
0.0,0.0,1.0,3.0,13.0,93051.0,2.0,0.0
0.0,0.0,1.0,3.0,13.0,93051.0,3.0,0.0
0.0,0.0,1.0,3.0,13.0,93051.0,4.0,0.0
0.0,0.0,1.0,3.0,13.0,93051.0,5.0,0.0
0.0,0.0,1.0,3.0,13.0,93052.0,1.0,0.0
0.0,0.0,1.0,3.0,13.0,93052.0,2.0,0.0
0.0,0.0,1.0,3.0,13.0,93052.0,3.0,0.0
0.0,0.0,1.0,3.0,13.0,93052.0,4.0,0.0
0.0,0.0,1.0,3.0,13.0,93053.0,1.0,0.0
0.0,0.0,1.0,3.0,13.0,93053.0,2.0,0.0
0.0,0.0,1.0,3.0,13.0,93053.0,3.0,0.0
0.0,0.0,1.0,3.0,13.0,93053.0,4.0,0.0
0.0,0.0,1.0,3.0,13.0,93054.0,1.0,0.0
0.0,0.0,1.0,3.0,13.0,93054.0,2.0,0.0
0.0,0.0,1.0,3.0,13.0,93054.0,3.0,0.0
0.0,0.0,1.0,3.0,13.0,93054.0,4.0,0.0
0.0,0.0,1.0,3.0,13.0,93055.0,1.0,0.0
0.0,0.0,1.0,3.0,13.0,93055.0,2.0,0.0
0.0,0.0,1.0,3.0,13.0,93055.0,3.0,0.0
0.0,0.0,1.0,3.0,13.0,93055.0,4.0,0.0
0.0,0.0,1.0,3.0,13.0,93056.0,1.0,0.0
0.0,0.0,1.0,3.0,13.0,93056.0,2.0,0.0
0.0,0.0,1.0,3.0,13.0,93056.0,3.0,0.0
0.0,0.0,1.0,3.0,13.0,93056.0,4.0,0.0
0.0,0.0,1.0,3.0,13.0,93057.0,1.0,0.0
0.0,0.0,1.0,3.0,13.0,93057.0,2.0,0.0
0.0,0.0,1.0,3.0,13.0,93057.0,3.0,0.0
0.0,0.0,1.0,3.0,13.0,93057.0,4.0,0.0
0.0,0.0,1.0,3.0,13.0,93058.0,1.0,0.0
0.0,0.0,1.0,3.0,13.0,93058.0,2.0,0.0
0.0,0.0,1.0,3.0,13.0,93058.0,3.0,0.0
0.0,0.0,1.0,3.0,13.0,93058.0,4.0,0.0
0.0,0.0,1.0,3.0,13.0,93059.0,1.0,0.0
0.0,0.0,1.0,3.0,13.0,93059.0,2.0,0.0
0.0,0.0,1.0,3.0,13.0,93059.0,3.0,0.0
0.0,0.0,1.0,3.0,13.0,93059.0,4.0,0.0
0.0,0.0,1.0,3.0,13.0,93060.0,1.0,0.0
0.0,0.0,1.0,3.0,13.0,93060.0,2.0,0.0
0.0,0.0,1.0,3.0,13.0,93060.0,3.0,0.0
0.0,0.0,1.0,3.0,13.0,93060.0,4.0,0.0
0.0,0.0,1.0,3.0,13.0,93061.0,1.0,0.0
0.0,0.0,1.0,3.0,13.0,93061.0,2.0,0.0
0.0,0.0,1.0,3.0,13.0,93061.0,3.0,0.0
0.0,0.0,1.0,3.0,13.0,93061.0,4.0,0.0
0.0,0.0,1.0,3.0,13.0,93062.0,1.0,0.0
0.0,0.0,1.0,3.0,13.0,93062.0,2.0,0.0
0.0,0.0,1.0,3.0,13.0,93062.0,3.0,0.0
0.0,0.0,1.0,3.0,13.0,93062.0,4.0,0.0
0.0,0.0,1.0,3.0,13.0,93062.0,5.0,0.0
0.0,0.0,1.0,3.0,13.0,93062.0,6.0,0.0
0.0,0.0,1.0,3.0,13.0,93062.0,7.0,0.0
0.0,0.0,1.0,3.0,13.0,93063.0,1.0,0.0
0.0,0.0,1.0,3.0,13.0,93063.0,2.0,0.0
0.0,0.0,1.0,3.0,13.0,93063.0,3.0,0.0
0.0,0.0,1.0,3.0,13.0,93063.0,4.0,0.0
0.0,0.0,1.0,3.0,13.0,93064.0,1.0,0.0
0.0,0.0,1.0,3.0,13.0,93064.0,2.0,0.0
0.0,0.0,1.0,3.0,13.0,93064.0,3.0,0.0
0.0,0.0,1.0,3.0,13.0,93064.0,4.0,0.0
0.0,0.0,1.0,3.0,13.0,93064.0,5.0,0.0
0.0,0.0,1.0,3.0,13.0,93064.0,6.0,0.0
0.0,0.0,1.0,3.0,13.0,93064.0,7.0,0.0
0.0,0.0,1.0,3.0,13.0,93065.0,1.0,0.0
0.0,0.0,1.0,3.0,13.0,93065.0,2.0,0.0
0.0,0.0,1.0,3.0,13.0,93065.0,3.0,0.0
0.0,0.0,1.0,3.0,13.0,93066.0,1.0,0.0
0.0,0.0,1.0,3.0,13.0,93066.0,2.0,0.0
0.0,0.0,1.0,3.0,13.0,93066.0,3.0,0.0
0.0,0.0,1.0,3.0,13.0,93066.0,4.0,0.0
0.0,0.0,1.0,3.0,13.0,93067.0,1.0,0.0
0.0,0.0,1.0,3.0,13.0,93067.0,2.0,0.0
0.0,0.0,1.0,3.0,13.0,93067.0,3.0,0.0
0.0,0.0,1.0,3.0,13.0,93067.0,4.0,0.0
0.0,0.0,1.0,3.0,13.0,93068.0,1.0,0.0
0.0,0.0,1.0,3.0,13.0,93068.0,2.0,0.0
0.0,0.0,1.0,3.0,13.0,93068.0,3.0,0.0
0.0,0.0,1.0,3.0,13.0,93068.0,4.0,0.0
0.0,0.0,1.0,3.0,13.0,93068.0,5.0,0.0
0.0,0.0,1.0,3.0,13.0,93068.0,6.0,0.0
0.0,0.0,1.0,3.0,13.0,93068.0,7.0,0.0
0.0,0.0,1.0,3.0,13.0,93069.0,1.0,0.0
0.0,0.0,1.0,3.0,13.0,93069.0,2.0,0.0
0.0,0.0,1.0,3.0,13.0,93069.0,3.0,0.0
0.0,0.0,1.0,3.0,13.0,93069.0,4.0,0.0
0.0,0.0,1.0,3.0,13.0,93069.0,5.0,0.0
0.0,0.0,1.0,3.0,13.0,93069.0,6.0,0.0
0.0,0.0,1.0,3.0,13.0,93069.0,7.0,0.0
0.0,0.0,1.0,3.0,13.0,93070.0,1.0,0.0
0.0,0.0,1.0,3.0,13.0,93070.0,2.0,0.0
0.0,0.0,1.0,3.0,13.0,93070.0,3.0,0.0
0.0,0.0,1.0,3.0,13.0,93070.0,4.0,0.0
0.0,0.0,1.0,3.0,13.0,93071.0,1.0,0.0
0.0,0.0,1.0,3.0,13.0,93071.0,2.0,0.0
0.0,0.0,1.0,3.0,13.0,93071.0,3.0,0.0
0.0,0.0,1.0,3.0,13.0,93071.0,4.0,0.0
0.0,0.0,1.0,3.0,13.0,93072.0,1.0,0.0
0.0,0.0,1.0,3.0,13.0,93072.0,2.0,0.0
0.0,0.0,1.0,3.0,13.0,93072.0,3.0,0.0
0.0,0.0,1.0,3.0,13.0,93072.0,4.0,0.0
0.0,0.0,1.0,3.0,13.0,93073.0,1.0,0.0
0.0,0.0,1.0,3.0,13.0,93073.0,2.0,0.0
0.0,0.0,1.0,3.0,13.0,93073.0,3.0,0.0
0.0,0.0,1.0,3.0,13.0,93073.0,4.0,0.0
0.0,0.0,1.0,3.0,13.0,93074.0,1.0,0.0
0.0,0.0,1.0,3.0,13.0,93074.0,2.0,0.0
0.0,0.0,1.0,3.0,13.0,93074.0,3.0,0.0
0.0,0.0,1.0,3.0,13.0,93074.0,4.0,0.0
0.0,0.0,1.0,3.0,13.0,93075.0,1.0,0.0
0.0,0.0,1.0,3.0,13.0,93075.0,2.0,0.0
0.0,0.0,1.0,3.0,13.0,93075.0,3.0,0.0
0.0,0.0,1.0,3.0,13.0,93075.0,4.0,0.0
0.0,0.0,1.0,3.0,13.0,93076.0,1.0,0.0
0.0,0.0,1.0,3.0,13.0,93076.0,2.0,0.0
0.0,0.0,1.0,3.0,13.0,93076.0,3.0,0.0
0.0,0.0,1.0,3.0,13.0,93076.0,4.0,0.0
0.0,0.0,1.0,3.0,13.0,93077.0,1.0,0.0
0.0,0.0,1.0,3.0,13.0,93077.0,2.0,0.0
0.0,0.0,1.0,3.0,13.0,93077.0,3.0,0.0
0.0,0.0,1.0,3.0,13.0,93078.0,1.0,0.0
0.0,0.0,1.0,3.0,13.0,93078.0,2.0,0.0
0.0,0.0,1.0,3.0,13.0,93078.0,3.0,0.0
0.0,0.0,1.0,3.0,13.0,93078.0,4.0,0.0
0.0,0.0,1.0,3.0,13.0,93078.0,5.0,0.0
0.0,0.0,1.0,3.0,13.0,93078.0,6.0,0.0
0.0,0.0,1.0,3.0,13.0,93078.0,7.0,0.0
0.0,0.0,1.0,3.0,13.0,93079.0,1.0,0.0
0.0,0.0,1.0,3.0,13.0,93079.0,2.0,0.0
0.0,0.0,1.0,3.0,13.0,93079.0,3.0,0.0
0.0,0.0,1.0,3.0,13.0,93079.0,4.0,0.0
0.0,0.0,1.0,3.0,13.0,93079.0,5.0,0.0
0.0,0.0,1.0,3.0,13.0,93079.0,6.0,0.0
0.0,0.0,1.0,3.0,14.0,93291.0,1.0,0.0
0.0,0.0,1.0,3.0,14.0,93291.0,2.0,0.0
0.0,0.0,1.0,3.0,14.0,93291.0,3.0,0.0
0.0,0.0,1.0,3.0,14.0,93291.0,4.0,0.0
0.0,0.0,1.0,3.0,14.0,93292.0,1.0,0.0
0.0,0.0,1.0,3.0,14.0,93292.0,2.0,0.0
0.0,0.0,1.0,3.0,14.0,93292.0,3.0,0.0
0.0,0.0,1.0,3.0,14.0,93292.0,4.0,0.0
0.0,0.0,1.0,3.0,14.0,93293.0,1.0,0.0
0.0,0.0,1.0,3.0,14.0,93293.0,2.0,0.0
0.0,0.0,1.0,3.0,14.0,93293.0,3.0,0.0
0.0,0.0,1.0,3.0,14.0,93293.0,4.0,0.0
0.0,0.0,1.0,3.0,14.0,93293.0,5.0,0.0
0.0,0.0,1.0,3.0,14.0,93293.0,6.0,0.0
0.0,0.0,1.0,3.0,14.0,93293.0,7.0,0.0
0.0,0.0,1.0,3.0,14.0,93294.0,1.0,0.0
0.0,0.0,1.0,3.0,14.0,93294.0,2.0,0.0
0.0,0.0,1.0,3.0,14.0,93294.0,3.0,0.0
0.0,0.0,1.0,3.0,14.0,93294.0,4.0,0.0
0.0,0.0,1.0,3.0,14.0,93295.0,1.0,0.0
0.0,0.0,1.0,3.0,14.0,93295.0,2.0,0.0
0.0,0.0,1.0,3.0,14.0,93295.0,3.0,0.0
0.0,0.0,1.0,3.0,14.0,93295.0,4.0,0.0
0.0,0.0,1.0,3.0,14.0,93295.0,5.0,0.0
0.0,0.0,1.0,3.0,14.0,93295.0,6.0,0.0
0.0,0.0,1.0,3.0,14.0,93295.0,7.0,0.0
0.0,0.0,1.0,3.0,14.0,93296.0,1.0,0.0
0.0,0.0,1.0,3.0,14.0,93296.0,2.0,0.0
0.0,0.0,1.0,3.0,14.0,93296.0,3.0,0.0
0.0,0.0,1.0,3.0,14.0,93296.0,4.0,0.0
0.0,0.0,1.0,3.0,14.0,93297.0,1.0,0.0
0.0,0.0,1.0,3.0,14.0,93297.0,2.0,0.0
0.0,0.0,1.0,3.0,14.0,93297.0,3.0,0.0
0.0,0.0,1.0,3.0,14.0,93297.0,4.0,0.0
0.0,0.0,1.0,3.0,14.0,93297.0,5.0,0.0
0.0,0.0,1.0,3.0,14.0,93297.0,6.0,0.0
0.0,0.0,1.0,3.0,14.0,93297.0,7.0,0.0
0.0,0.0,1.0,3.0,14.0,93298.0,1.0,0.0
0.0,0.0,1.0,3.0,14.0,93298.0,2.0,0.0
0.0,0.0,1.0,3.0,14.0,93298.0,3.0,0.0
0.0,0.0,1.0,3.0,14.0,93298.0,4.0,0.0
0.0,0.0,1.0,3.0,14.0,93299.0,1.0,0.0
0.0,0.0,1.0,3.0,14.0,93299.0,2.0,0.0
0.0,0.0,1.0,3.0,14.0,93299.0,3.0,0.0
0.0,0.0,1.0,3.0,14.0,93299.0,4.0,0.0
0.0,0.0,1.0,3.0,14.0,93299.0,5.0,0.0
0.0,0.0,1.0,3.0,14.0,93299.0,6.0,0.0
0.0,0.0,1.0,3.0,14.0,93299.0,7.0,0.0
0.0,0.0,1.0,3.0,14.0,93299.0,8.0,0.0
0.0,0.0,1.0,3.0,14.0,93300.0,1.0,0.0
0.0,0.0,1.0,3.0,14.0,93300.0,2.0,0.0
0.0,0.0,1.0,3.0,14.0,93300.0,3.0,0.0
0.0,0.0,1.0,3.0,14.0,93300.0,4.0,0.0
0.0,0.0,1.0,3.0,14.0,93301.0,1.0,0.0
0.0,0.0,1.0,3.0,14.0,93301.0,2.0,0.0
0.0,0.0,1.0,3.0,14.0,93301.0,3.0,0.0
0.0,0.0,1.0,3.0,14.0,93301.0,4.0,0.0
0.0,0.0,1.0,3.0,14.0,93302.0,1.0,0.0
0.0,0.0,1.0,3.0,14.0,93302.0,2.0,0.0
0.0,0.0,1.0,3.0,14.0,93302.0,3.0,0.0
0.0,0.0,1.0,3.0,14.0,93302.0,4.0,0.0
0.0,0.0,1.0,3.0,14.0,93303.0,1.0,0.0
0.0,0.0,1.0,3.0,14.0,93303.0,2.0,0.0
0.0,0.0,1.0,3.0,14.0,93303.0,3.0,0.0
0.0,0.0,1.0,3.0,14.0,93303.0,4.0,0.0
0.0,0.0,1.0,3.0,14.0,93303.0,5.0,0.0
0.0,0.0,1.0,3.0,14.0,93303.0,6.0,0.0
0.0,0.0,1.0,3.0,14.0,93303.0,7.0,0.0
0.0,0.0,1.0,3.0,14.0,93304.0,1.0,0.0
0.0,0.0,1.0,3.0,14.0,93304.0,2.0,0.0
0.0,0.0,1.0,3.0,14.0,93304.0,3.0,0.0
0.0,0.0,1.0,3.0,14.0,93304.0,4.0,0.0
1.0,2.0,1.0,3.0,14.0,93305.0,1.0,1.0
1.0,4.0,1.0,3.0,14.0,93305.0,2.0,1.0
0.0,0.0,1.0,3.0,14.0,93305.0,3.0,0.0
1.0,16.0,1.0,3.0,14.0,93305.0,4.0,1.0
0.0,0.0,1.0,3.0,14.0,93306.0,1.0,0.0
0.0,0.0,1.0,3.0,14.0,93306.0,2.0,0.0
0.0,0.0,1.0,3.0,14.0,93306.0,3.0,0.0
0.0,0.0,1.0,3.0,14.0,93306.0,4.0,0.0
0.0,0.0,1.0,3.0,14.0,93306.0,5.0,0.0
0.0,0.0,1.0,3.0,14.0,93306.0,6.0,0.0
0.0,0.0,1.0,3.0,14.0,93306.0,7.0,0.0
0.0,0.0,1.0,3.0,14.0,93307.0,1.0,0.0
0.0,0.0,1.0,3.0,14.0,93307.0,2.0,0.0
0.0,0.0,1.0,3.0,14.0,93307.0,3.0,0.0
0.0,0.0,1.0,3.0,14.0,93307.0,4.0,0.0
0.0,0.0,1.0,3.0,14.0,93308.0,1.0,0.0
0.0,0.0,1.0,3.0,14.0,93308.0,2.0,0.0
0.0,0.0,1.0,3.0,14.0,93308.0,3.0,0.0
0.0,0.0,1.0,3.0,14.0,93308.0,4.0,0.0
0.0,0.0,3.0,3.0,2.0,100280.0,1.0,0.0
0.0,0.0,3.0,3.0,2.0,100281.0,1.0,0.0
0.0,0.0,3.0,3.0,2.0,100282.0,1.0,0.0
1.0,2.0,3.0,3.0,2.0,100283.0,1.0,1.0
0.0,0.0,3.0,3.0,2.0,100284.0,1.0,0.0
1.0,2.0,3.0,3.0,2.0,100285.0,1.0,1.0
1.0,2.0,3.0,3.0,2.0,100286.0,1.0,1.0
0.0,0.0,3.0,3.0,2.0,100287.0,1.0,0.0
1.0,2.0,3.0,3.0,2.0,100288.0,1.0,1.0
1.0,2.0,3.0,3.0,2.0,100289.0,1.0,1.0
1.0,2.0,3.0,3.0,2.0,100290.0,1.0,1.0
0.0,0.0,3.0,3.0,2.0,100291.0,1.0,0.0
0.0,0.0,2.0,3.0,5.0,100300.0,1.0,0.0
0.0,0.0,2.0,3.0,5.0,100301.0,1.0,0.0
1.0,2.0,2.0,3.0,5.0,100302.0,1.0,1.0
0.0,0.0,2.0,3.0,5.0,100303.0,1.0,0.0
0.0,0.0,2.0,3.0,5.0,100304.0,1.0,0.0
1.0,2.0,2.0,3.0,5.0,100305.0,1.0,1.0
0.0,0.0,2.0,3.0,5.0,100306.0,1.0,0.0
0.0,0.0,2.0,3.0,5.0,100307.0,1.0,0.0
1.0,2.0,2.0,3.0,5.0,100308.0,1.0,1.0
1.0,2.0,2.0,3.0,5.0,100309.0,1.0,1.0
1.0,2.0,2.0,3.0,5.0,100310.0,1.0,1.0
0.0,0.0,2.0,3.0,5.0,100311.0,1.0,0.0
0.0,0.0,2.0,3.0,5.0,100312.0,1.0,0.0
0.0,0.0,2.0,3.0,5.0,100313.0,1.0,0.0
0.0,0.0,2.0,3.0,5.0,100314.0,1.0,0.0
0.0,0.0,2.0,3.0,5.0,100315.0,1.0,0.0
0.0,0.0,2.0,3.0,5.0,100316.0,1.0,0.0
0.0,0.0,2.0,3.0,5.0,100317.0,1.0,0.0
0.0,0.0,2.0,3.0,5.0,100318.0,1.0,0.0
0.0,0.0,2.0,3.0,5.0,100319.0,1.0,0.0
0.0,0.0,2.0,3.0,5.0,100320.0,1.0,0.0
0.0,0.0,2.0,3.0,5.0,100321.0,1.0,0.0
0.0,0.0,2.0,3.0,5.0,100322.0,1.0,0.0
0.0,0.0,2.0,3.0,5.0,100323.0,1.0,0.0
0.0,0.0,2.0,3.0,5.0,100324.0,1.0,0.0
